record_id,source_id,locator,printed_value,review_scope
ucc-research-result-sctab-seed-sctab-macro-f1,ucc-research-source-sctab-supp,"Supplementary Table 1a, scTab row, macro F1 and number-of-runs columns",0.8295 ± 0.0007,author-reported; automated source review
ucc-research-result-sctab-seed-xgboost-macro-f1,ucc-research-source-sctab-supp,"Supplementary Table 1a, XGBoost row, macro F1 and number-of-runs columns",0.8127 ± 0.0005,author-reported; automated source review
ucc-research-result-sctab-seed-mlp-macro-f1,ucc-research-source-sctab-supp,"Supplementary Table 1a, MLP row, macro F1 and number-of-runs columns",0.7971 ± 0.0012,author-reported; automated source review
ucc-research-result-sctab-seed-linear-macro-f1,ucc-research-source-sctab-supp,"Supplementary Table 1a, Optimized linear logistic regression row, macro F1 and number-of-runs columns",0.7848 ± 0.0001,author-reported; automated source review
ucc-research-result-sctab-seed-celltypist-macro-f1,ucc-research-source-sctab-supp,"Supplementary Table 1a, CellTypist row, macro F1 and number-of-runs columns",0.7304 ± 0.0015,author-reported; automated source review
ucc-research-result-sctab-seed-scgpt-zero-macro-f1,ucc-research-source-sctab-supp,"Supplementary Table 1a, scGPT frozen embeddings + logistic regression row, macro F1 and number-of-runs columns",0.7301 ± 0.0035,author-reported; automated source review
ucc-research-result-sctab-seed-scgpt-ft-macro-f1,ucc-research-source-sctab-supp,"Supplementary Table 1a, scGPT fine-tuned row, macro F1 and number-of-runs columns",0.749,author-reported; automated source review
ucc-research-result-sctab-seed-ciform-macro-f1,ucc-research-source-sctab-supp,"Supplementary Table 1a, CIForm row, macro F1 and number-of-runs columns",0.7660,author-reported; automated source review
ucc-research-result-sctab-seed-uce-macro-f1,ucc-research-source-sctab-supp,"Supplementary Table 1a, UCE frozen embeddings + classifier row, macro F1 and number-of-runs columns",0.7611 ± 0.0018,author-reported; automated source review
ucc-research-result-sctab-bootstrap-sctab-macro-f1,ucc-research-source-sctab-supp,"Supplementary Table 1b, sctab row",0.8300 ± 0.0069,author-reported; automated source review
ucc-research-result-sctab-bootstrap-xgboost-macro-f1,ucc-research-source-sctab-supp,"Supplementary Table 1b, xgboost row",0.8136 ± 0.0060,author-reported; automated source review
ucc-research-result-sctab-bootstrap-mlp-macro-f1,ucc-research-source-sctab-supp,"Supplementary Table 1b, mlp row",0.7973 ± 0.0074,author-reported; automated source review
ucc-research-result-sctab-bootstrap-linear-macro-f1,ucc-research-source-sctab-supp,"Supplementary Table 1b, linear row",0.7846 ± 0.0072,author-reported; automated source review
ucc-research-result-sctab-bootstrap-celltypist-macro-f1,ucc-research-source-sctab-supp,"Supplementary Table 1b, celltypist row",0.7291 ± 0.0072,author-reported; automated source review
ucc-research-result-sctab-resources-celltypist-training-hours,ucc-research-source-sctab-supp,"Supplementary Table 2, celltypist, training time",~16h,author-reported; automated source review
ucc-research-result-sctab-resources-celltypist-inference-throughput,ucc-research-source-sctab-supp,"Supplementary Table 2, celltypist, inference time",~2000,author-reported; automated source review
ucc-research-result-sctab-resources-linear-training-hours,ucc-research-source-sctab-supp,"Supplementary Table 2, linear, training time",~20h,author-reported; automated source review
ucc-research-result-sctab-resources-linear-inference-throughput,ucc-research-source-sctab-supp,"Supplementary Table 2, linear, inference time",~29500,author-reported; automated source review
ucc-research-result-sctab-resources-sctab-training-hours,ucc-research-source-sctab-supp,"Supplementary Table 2, sctab, training time",~33h,author-reported; automated source review
ucc-research-result-sctab-resources-sctab-inference-throughput,ucc-research-source-sctab-supp,"Supplementary Table 2, sctab, inference time",~10800,author-reported; automated source review
ucc-research-result-sctab-resources-xgboost-training-hours,ucc-research-source-sctab-supp,"Supplementary Table 2, xgboost, training time",~10h,author-reported; automated source review
ucc-research-result-sctab-resources-xgboost-inference-throughput,ucc-research-source-sctab-supp,"Supplementary Table 2, xgboost, inference time",~4200,author-reported; automated source review
ucc-research-result-sctab-resources-mlp-training-hours,ucc-research-source-sctab-supp,"Supplementary Table 2, mlp, training time",~29h,author-reported; automated source review
ucc-research-result-sctab-resources-mlp-inference-throughput,ucc-research-source-sctab-supp,"Supplementary Table 2, mlp, inference time",~21400,author-reported; automated source review
ucc-research-result-sctab-default-xgboost-macro-f1,ucc-research-source-sctab-supp,"Supplementary Table 6, xgboost, default parameters",0.5855 ± 0.0112,author-reported; automated source review
ucc-research-result-sctab-default-celltypist-macro-f1,ucc-research-source-sctab-supp,"Supplementary Table 6, celltypist, default parameters",0.6258 ± 0.0036,author-reported; automated source review
ucc-research-result-mprabc-full-auprc,ucc-research-source-mprabc,"Table 3, MPRabc, auprc",0.707 (0.663–0.746),author-reported; automated source review
ucc-research-result-mprabc-full-precision-at-70-recall,ucc-research-source-mprabc,"Table 3, MPRabc, precision-at-70-recall",0.680 (0.637–0.724),author-reported; automated source review
ucc-research-result-mprabc-sei-auprc,ucc-research-source-mprabc,"Table 3, MPRabc (Sei only; no MPRALegNet), auprc",0.707 (0.664–0.746),author-reported; automated source review
ucc-research-result-mprabc-sei-precision-at-70-recall,ucc-research-source-mprabc,"Table 3, MPRabc (Sei only; no MPRALegNet), precision-at-70-recall",0.678 (0.634–0.720),author-reported; automated source review
ucc-research-result-mprabc-mpralegnet-auprc,ucc-research-source-mprabc,"Table 3, MPRabc (MPRALegNet only; no Sei), auprc",0.686 (0.642–0.728),author-reported; automated source review
ucc-research-result-mprabc-mpralegnet-precision-at-70-recall,ucc-research-source-mprabc,"Table 3, MPRabc (MPRALegNet only; no Sei), precision-at-70-recall",0.655 (0.610–0.695),author-reported; automated source review
ucc-research-result-mprabc-re2g-auprc,ucc-research-source-mprabc,"Table 3, ENCODE-rE2G, auprc",0.634 (0.587–0.684),author-reported; automated source review
ucc-research-result-mprabc-re2g-precision-at-70-recall,ucc-research-source-mprabc,"Table 3, ENCODE-rE2G, precision-at-70-recall",0.543 (0.501–0.583),author-reported; automated source review
ucc-research-result-mprabc-abc-auprc,ucc-research-source-mprabc,"Results, Figure 2 comparison paragraph, Activity-by-Contact (ABC), auprc",0.612 (0.567–0.656),author-reported; automated source review
ucc-research-result-mprabc-megamap-auprc,ucc-research-source-mprabc,"Results, Figure 2 comparison paragraph, MPRabc megamap Hi-C, auprc",0.690,author-reported; automated source review
ucc-research-result-foldbench-protein-ligand-af3-success-rate,ucc-research-source-foldbench-supp,"Supplementary Table 3, protein-ligand block, Success rate row, AlphaFold 3 column; Table 1 assessable count",64.90,author-reported; automated source review
ucc-research-result-foldbench-protein-ligand-af3-lddt-lp,ucc-research-source-foldbench-supp,"Supplementary Table 3, protein-ligand block, LDDT-LP row, AlphaFold 3 column; Table 1 assessable count",0.91,author-reported; automated source review
ucc-research-result-foldbench-protein-ligand-af3-lddt-pli,ucc-research-source-foldbench-supp,"Supplementary Table 3, protein-ligand block, LDDT-PLI row, AlphaFold 3 column; Table 1 assessable count",0.77,author-reported; automated source review
ucc-research-result-foldbench-protein-ligand-boltz1-success-rate,ucc-research-source-foldbench-supp,"Supplementary Table 3, protein-ligand block, Success rate row, Boltz-1 column; Table 1 assessable count",55.04,author-reported; automated source review
ucc-research-result-foldbench-protein-ligand-boltz1-lddt-lp,ucc-research-source-foldbench-supp,"Supplementary Table 3, protein-ligand block, LDDT-LP row, Boltz-1 column; Table 1 assessable count",0.89,author-reported; automated source review
ucc-research-result-foldbench-protein-ligand-boltz1-lddt-pli,ucc-research-source-foldbench-supp,"Supplementary Table 3, protein-ligand block, LDDT-PLI row, Boltz-1 column; Table 1 assessable count",0.71,author-reported; automated source review
ucc-research-result-foldbench-protein-ligand-chai1-success-rate,ucc-research-source-foldbench-supp,"Supplementary Table 3, protein-ligand block, Success rate row, Chai-1 column; Table 1 assessable count",51.23,author-reported; automated source review
ucc-research-result-foldbench-protein-ligand-chai1-lddt-lp,ucc-research-source-foldbench-supp,"Supplementary Table 3, protein-ligand block, LDDT-LP row, Chai-1 column; Table 1 assessable count",0.89,author-reported; automated source review
ucc-research-result-foldbench-protein-ligand-chai1-lddt-pli,ucc-research-source-foldbench-supp,"Supplementary Table 3, protein-ligand block, LDDT-PLI row, Chai-1 column; Table 1 assessable count",0.70,author-reported; automated source review
ucc-research-result-foldbench-protein-ligand-helixfold3-success-rate,ucc-research-source-foldbench-supp,"Supplementary Table 3, protein-ligand block, Success rate row, HelixFold 3 column; Table 1 assessable count",51.82,author-reported; automated source review
ucc-research-result-foldbench-protein-ligand-helixfold3-lddt-lp,ucc-research-source-foldbench-supp,"Supplementary Table 3, protein-ligand block, LDDT-LP row, HelixFold 3 column; Table 1 assessable count",0.89,author-reported; automated source review
ucc-research-result-foldbench-protein-ligand-helixfold3-lddt-pli,ucc-research-source-foldbench-supp,"Supplementary Table 3, protein-ligand block, LDDT-PLI row, HelixFold 3 column; Table 1 assessable count",0.69,author-reported; automated source review
ucc-research-result-foldbench-protein-ligand-protenix-success-rate,ucc-research-source-foldbench-supp,"Supplementary Table 3, protein-ligand block, Success rate row, Protenix column; Table 1 assessable count",50.70,author-reported; automated source review
ucc-research-result-foldbench-protein-ligand-protenix-lddt-lp,ucc-research-source-foldbench-supp,"Supplementary Table 3, protein-ligand block, LDDT-LP row, Protenix column; Table 1 assessable count",0.89,author-reported; automated source review
ucc-research-result-foldbench-protein-ligand-protenix-lddt-pli,ucc-research-source-foldbench-supp,"Supplementary Table 3, protein-ligand block, LDDT-PLI row, Protenix column; Table 1 assessable count",0.70,author-reported; automated source review
ucc-research-result-foldbench-protein-protein-af3-success-rate,ucc-research-source-foldbench-supp,"Supplementary Table 3, protein-protein block, Success rate row, AlphaFold 3 column; Table 1 assessable count",72.93,author-reported; automated source review
ucc-research-result-foldbench-protein-protein-af3-irmsd,ucc-research-source-foldbench-supp,"Supplementary Table 3, protein-protein block, iRMSD row, AlphaFold 3 column; Table 1 assessable count",5.49,author-reported; automated source review
ucc-research-result-foldbench-protein-protein-af3-lrmsd,ucc-research-source-foldbench-supp,"Supplementary Table 3, protein-protein block, lRMSD row, AlphaFold 3 column; Table 1 assessable count",12.78,author-reported; automated source review
ucc-research-result-foldbench-protein-protein-af3-lddt,ucc-research-source-foldbench-supp,"Supplementary Table 3, protein-protein block, LDDT row, AlphaFold 3 column; Table 1 assessable count",0.84,author-reported; automated source review
ucc-research-result-foldbench-protein-protein-boltz1-success-rate,ucc-research-source-foldbench-supp,"Supplementary Table 3, protein-protein block, Success rate row, Boltz-1 column; Table 1 assessable count",68.25,author-reported; automated source review
ucc-research-result-foldbench-protein-protein-boltz1-irmsd,ucc-research-source-foldbench-supp,"Supplementary Table 3, protein-protein block, iRMSD row, Boltz-1 column; Table 1 assessable count",6.63,author-reported; automated source review
ucc-research-result-foldbench-protein-protein-boltz1-lrmsd,ucc-research-source-foldbench-supp,"Supplementary Table 3, protein-protein block, lRMSD row, Boltz-1 column; Table 1 assessable count",16.16,author-reported; automated source review
ucc-research-result-foldbench-protein-protein-boltz1-lddt,ucc-research-source-foldbench-supp,"Supplementary Table 3, protein-protein block, LDDT row, Boltz-1 column; Table 1 assessable count",0.76,author-reported; automated source review
ucc-research-result-foldbench-protein-protein-chai1-success-rate,ucc-research-source-foldbench-supp,"Supplementary Table 3, protein-protein block, Success rate row, Chai-1 column; Table 1 assessable count",68.53,author-reported; automated source review
ucc-research-result-foldbench-protein-protein-chai1-irmsd,ucc-research-source-foldbench-supp,"Supplementary Table 3, protein-protein block, iRMSD row, Chai-1 column; Table 1 assessable count",6.68,author-reported; automated source review
ucc-research-result-foldbench-protein-protein-chai1-lrmsd,ucc-research-source-foldbench-supp,"Supplementary Table 3, protein-protein block, lRMSD row, Chai-1 column; Table 1 assessable count",15.23,author-reported; automated source review
ucc-research-result-foldbench-protein-protein-chai1-lddt,ucc-research-source-foldbench-supp,"Supplementary Table 3, protein-protein block, LDDT row, Chai-1 column; Table 1 assessable count",0.80,author-reported; automated source review
ucc-research-result-foldbench-protein-protein-helixfold3-success-rate,ucc-research-source-foldbench-supp,"Supplementary Table 3, protein-protein block, Success rate row, HelixFold 3 column; Table 1 assessable count",66.27,author-reported; automated source review
ucc-research-result-foldbench-protein-protein-helixfold3-irmsd,ucc-research-source-foldbench-supp,"Supplementary Table 3, protein-protein block, iRMSD row, HelixFold 3 column; Table 1 assessable count",7.14,author-reported; automated source review
ucc-research-result-foldbench-protein-protein-helixfold3-lrmsd,ucc-research-source-foldbench-supp,"Supplementary Table 3, protein-protein block, lRMSD row, HelixFold 3 column; Table 1 assessable count",16.46,author-reported; automated source review
ucc-research-result-foldbench-protein-protein-helixfold3-lddt,ucc-research-source-foldbench-supp,"Supplementary Table 3, protein-protein block, LDDT row, HelixFold 3 column; Table 1 assessable count",0.78,author-reported; automated source review
ucc-research-result-foldbench-protein-protein-protenix-success-rate,ucc-research-source-foldbench-supp,"Supplementary Table 3, protein-protein block, Success rate row, Protenix column; Table 1 assessable count",68.18,author-reported; automated source review
ucc-research-result-foldbench-protein-protein-protenix-irmsd,ucc-research-source-foldbench-supp,"Supplementary Table 3, protein-protein block, iRMSD row, Protenix column; Table 1 assessable count",7.22,author-reported; automated source review
ucc-research-result-foldbench-protein-protein-protenix-lrmsd,ucc-research-source-foldbench-supp,"Supplementary Table 3, protein-protein block, lRMSD row, Protenix column; Table 1 assessable count",17.49,author-reported; automated source review
ucc-research-result-foldbench-protein-protein-protenix-lddt,ucc-research-source-foldbench-supp,"Supplementary Table 3, protein-protein block, LDDT row, Protenix column; Table 1 assessable count",0.81,author-reported; automated source review
ucc-research-result-foldbench-antibody-antigen-af3-success-rate,ucc-research-source-foldbench-supp,"Supplementary Table 3, antibody-antigen block, Success rate row, AlphaFold 3 column; Table 1 assessable count",47.9,author-reported; automated source review
ucc-research-result-foldbench-antibody-antigen-af3-irmsd,ucc-research-source-foldbench-supp,"Supplementary Table 3, antibody-antigen block, iRMSD row, AlphaFold 3 column; Table 1 assessable count",7.40,author-reported; automated source review
ucc-research-result-foldbench-antibody-antigen-af3-lrmsd,ucc-research-source-foldbench-supp,"Supplementary Table 3, antibody-antigen block, lRMSD row, AlphaFold 3 column; Table 1 assessable count",24.54,author-reported; automated source review
ucc-research-result-foldbench-antibody-antigen-af3-lddt,ucc-research-source-foldbench-supp,"Supplementary Table 3, antibody-antigen block, LDDT row, AlphaFold 3 column; Table 1 assessable count",0.88,author-reported; automated source review
ucc-research-result-foldbench-antibody-antigen-boltz1-success-rate,ucc-research-source-foldbench-supp,"Supplementary Table 3, antibody-antigen block, Success rate row, Boltz-1 column; Table 1 assessable count",33.54,author-reported; automated source review
ucc-research-result-foldbench-antibody-antigen-boltz1-irmsd,ucc-research-source-foldbench-supp,"Supplementary Table 3, antibody-antigen block, iRMSD row, Boltz-1 column; Table 1 assessable count",8.80,author-reported; automated source review
ucc-research-result-foldbench-antibody-antigen-boltz1-lrmsd,ucc-research-source-foldbench-supp,"Supplementary Table 3, antibody-antigen block, lRMSD row, Boltz-1 column; Table 1 assessable count",30.70,author-reported; automated source review
ucc-research-result-foldbench-antibody-antigen-boltz1-lddt,ucc-research-source-foldbench-supp,"Supplementary Table 3, antibody-antigen block, LDDT row, Boltz-1 column; Table 1 assessable count",0.84,author-reported; automated source review
ucc-research-result-foldbench-antibody-antigen-chai1-success-rate,ucc-research-source-foldbench-supp,"Supplementary Table 3, antibody-antigen block, Success rate row, Chai-1 column; Table 1 assessable count",23.64,author-reported; automated source review
ucc-research-result-foldbench-antibody-antigen-chai1-irmsd,ucc-research-source-foldbench-supp,"Supplementary Table 3, antibody-antigen block, iRMSD row, Chai-1 column; Table 1 assessable count",10.48,author-reported; automated source review
ucc-research-result-foldbench-antibody-antigen-chai1-lrmsd,ucc-research-source-foldbench-supp,"Supplementary Table 3, antibody-antigen block, lRMSD row, Chai-1 column; Table 1 assessable count",33.44,author-reported; automated source review
ucc-research-result-foldbench-antibody-antigen-chai1-lddt,ucc-research-source-foldbench-supp,"Supplementary Table 3, antibody-antigen block, LDDT row, Chai-1 column; Table 1 assessable count",0.85,author-reported; automated source review
ucc-research-result-foldbench-antibody-antigen-helixfold3-success-rate,ucc-research-source-foldbench-supp,"Supplementary Table 3, antibody-antigen block, Success rate row, HelixFold 3 column; Table 1 assessable count",28.40,author-reported; automated source review
ucc-research-result-foldbench-antibody-antigen-helixfold3-irmsd,ucc-research-source-foldbench-supp,"Supplementary Table 3, antibody-antigen block, iRMSD row, HelixFold 3 column; Table 1 assessable count",9.97,author-reported; automated source review
ucc-research-result-foldbench-antibody-antigen-helixfold3-lrmsd,ucc-research-source-foldbench-supp,"Supplementary Table 3, antibody-antigen block, lRMSD row, HelixFold 3 column; Table 1 assessable count",33.02,author-reported; automated source review
ucc-research-result-foldbench-antibody-antigen-helixfold3-lddt,ucc-research-source-foldbench-supp,"Supplementary Table 3, antibody-antigen block, LDDT row, HelixFold 3 column; Table 1 assessable count",0.84,author-reported; automated source review
ucc-research-result-foldbench-antibody-antigen-protenix-success-rate,ucc-research-source-foldbench-supp,"Supplementary Table 3, antibody-antigen block, Success rate row, Protenix column; Table 1 assessable count",34.13,author-reported; automated source review
ucc-research-result-foldbench-antibody-antigen-protenix-irmsd,ucc-research-source-foldbench-supp,"Supplementary Table 3, antibody-antigen block, iRMSD row, Protenix column; Table 1 assessable count",8.91,author-reported; automated source review
ucc-research-result-foldbench-antibody-antigen-protenix-lrmsd,ucc-research-source-foldbench-supp,"Supplementary Table 3, antibody-antigen block, lRMSD row, Protenix column; Table 1 assessable count",30.41,author-reported; automated source review
ucc-research-result-foldbench-antibody-antigen-protenix-lddt,ucc-research-source-foldbench-supp,"Supplementary Table 3, antibody-antigen block, LDDT row, Protenix column; Table 1 assessable count",0.85,author-reported; automated source review
ucc-research-result-foldbench-protein-dna-af3-success-rate,ucc-research-source-foldbench-supp,"Supplementary Table 3, protein-dna block, Success rate row, AlphaFold 3 column; Table 1 assessable count",79.18,author-reported; automated source review
ucc-research-result-foldbench-protein-dna-af3-irmsd,ucc-research-source-foldbench-supp,"Supplementary Table 3, protein-dna block, iRMSD row, AlphaFold 3 column; Table 1 assessable count",4.05,author-reported; automated source review
ucc-research-result-foldbench-protein-dna-af3-lrmsd,ucc-research-source-foldbench-supp,"Supplementary Table 3, protein-dna block, lRMSD row, AlphaFold 3 column; Table 1 assessable count",9.37,author-reported; automated source review
ucc-research-result-foldbench-protein-dna-af3-lddt,ucc-research-source-foldbench-supp,"Supplementary Table 3, protein-dna block, LDDT row, AlphaFold 3 column; Table 1 assessable count",0.85,author-reported; automated source review
ucc-research-result-foldbench-protein-dna-boltz1-success-rate,ucc-research-source-foldbench-supp,"Supplementary Table 3, protein-dna block, Success rate row, Boltz-1 column; Table 1 assessable count",70.97,author-reported; automated source review
ucc-research-result-foldbench-protein-dna-boltz1-irmsd,ucc-research-source-foldbench-supp,"Supplementary Table 3, protein-dna block, iRMSD row, Boltz-1 column; Table 1 assessable count",4.90,author-reported; automated source review
ucc-research-result-foldbench-protein-dna-boltz1-lrmsd,ucc-research-source-foldbench-supp,"Supplementary Table 3, protein-dna block, lRMSD row, Boltz-1 column; Table 1 assessable count",11.30,author-reported; automated source review
ucc-research-result-foldbench-protein-dna-boltz1-lddt,ucc-research-source-foldbench-supp,"Supplementary Table 3, protein-dna block, LDDT row, Boltz-1 column; Table 1 assessable count",0.81,author-reported; automated source review
ucc-research-result-foldbench-protein-dna-chai1-success-rate,ucc-research-source-foldbench-supp,"Supplementary Table 3, protein-dna block, Success rate row, Chai-1 column; Table 1 assessable count",69.97,author-reported; automated source review
ucc-research-result-foldbench-protein-dna-chai1-irmsd,ucc-research-source-foldbench-supp,"Supplementary Table 3, protein-dna block, iRMSD row, Chai-1 column; Table 1 assessable count",5.20,author-reported; automated source review
ucc-research-result-foldbench-protein-dna-chai1-lrmsd,ucc-research-source-foldbench-supp,"Supplementary Table 3, protein-dna block, lRMSD row, Chai-1 column; Table 1 assessable count",11.74,author-reported; automated source review
ucc-research-result-foldbench-protein-dna-chai1-lddt,ucc-research-source-foldbench-supp,"Supplementary Table 3, protein-dna block, LDDT row, Chai-1 column; Table 1 assessable count",0.81,author-reported; automated source review
ucc-research-result-foldbench-protein-dna-helixfold3-success-rate,ucc-research-source-foldbench-supp,"Supplementary Table 3, protein-dna block, Success rate row, HelixFold 3 column; Table 1 assessable count",50.00,author-reported; automated source review
ucc-research-result-foldbench-protein-dna-helixfold3-irmsd,ucc-research-source-foldbench-supp,"Supplementary Table 3, protein-dna block, iRMSD row, HelixFold 3 column; Table 1 assessable count",7.67,author-reported; automated source review
ucc-research-result-foldbench-protein-dna-helixfold3-lrmsd,ucc-research-source-foldbench-supp,"Supplementary Table 3, protein-dna block, lRMSD row, HelixFold 3 column; Table 1 assessable count",17.06,author-reported; automated source review
ucc-research-result-foldbench-protein-dna-helixfold3-lddt,ucc-research-source-foldbench-supp,"Supplementary Table 3, protein-dna block, LDDT row, HelixFold 3 column; Table 1 assessable count",0.71,author-reported; automated source review
ucc-research-result-foldbench-protein-dna-protenix-success-rate,ucc-research-source-foldbench-supp,"Supplementary Table 3, protein-dna block, Success rate row, Protenix column; Table 1 assessable count",68.39,author-reported; automated source review
ucc-research-result-foldbench-protein-dna-protenix-irmsd,ucc-research-source-foldbench-supp,"Supplementary Table 3, protein-dna block, iRMSD row, Protenix column; Table 1 assessable count",5.08,author-reported; automated source review
ucc-research-result-foldbench-protein-dna-protenix-lrmsd,ucc-research-source-foldbench-supp,"Supplementary Table 3, protein-dna block, lRMSD row, Protenix column; Table 1 assessable count",11.64,author-reported; automated source review
ucc-research-result-foldbench-protein-dna-protenix-lddt,ucc-research-source-foldbench-supp,"Supplementary Table 3, protein-dna block, LDDT row, Protenix column; Table 1 assessable count",0.83,author-reported; automated source review
ucc-research-result-foldbench-protein-rna-af3-success-rate,ucc-research-source-foldbench-supp,"Supplementary Table 3, protein-rna block, Success rate row, AlphaFold 3 column; Table 1 assessable count",62.32,author-reported; automated source review
ucc-research-result-foldbench-protein-rna-af3-irmsd,ucc-research-source-foldbench-supp,"Supplementary Table 3, protein-rna block, iRMSD row, AlphaFold 3 column; Table 1 assessable count",6.96,author-reported; automated source review
ucc-research-result-foldbench-protein-rna-af3-lrmsd,ucc-research-source-foldbench-supp,"Supplementary Table 3, protein-rna block, lRMSD row, AlphaFold 3 column; Table 1 assessable count",16.99,author-reported; automated source review
ucc-research-result-foldbench-protein-rna-af3-lddt,ucc-research-source-foldbench-supp,"Supplementary Table 3, protein-rna block, LDDT row, AlphaFold 3 column; Table 1 assessable count",0.78,author-reported; automated source review
ucc-research-result-foldbench-protein-rna-boltz1-success-rate,ucc-research-source-foldbench-supp,"Supplementary Table 3, protein-rna block, Success rate row, Boltz-1 column; Table 1 assessable count",56.90,author-reported; automated source review
ucc-research-result-foldbench-protein-rna-boltz1-irmsd,ucc-research-source-foldbench-supp,"Supplementary Table 3, protein-rna block, iRMSD row, Boltz-1 column; Table 1 assessable count",9.29,author-reported; automated source review
ucc-research-result-foldbench-protein-rna-boltz1-lrmsd,ucc-research-source-foldbench-supp,"Supplementary Table 3, protein-rna block, lRMSD row, Boltz-1 column; Table 1 assessable count",23.43,author-reported; automated source review
ucc-research-result-foldbench-protein-rna-boltz1-lddt,ucc-research-source-foldbench-supp,"Supplementary Table 3, protein-rna block, LDDT row, Boltz-1 column; Table 1 assessable count",0.70,author-reported; automated source review
ucc-research-result-foldbench-protein-rna-chai1-success-rate,ucc-research-source-foldbench-supp,"Supplementary Table 3, protein-rna block, Success rate row, Chai-1 column; Table 1 assessable count",50.91,author-reported; automated source review
ucc-research-result-foldbench-protein-rna-chai1-irmsd,ucc-research-source-foldbench-supp,"Supplementary Table 3, protein-rna block, iRMSD row, Chai-1 column; Table 1 assessable count",9.19,author-reported; automated source review
ucc-research-result-foldbench-protein-rna-chai1-lrmsd,ucc-research-source-foldbench-supp,"Supplementary Table 3, protein-rna block, lRMSD row, Chai-1 column; Table 1 assessable count",25.84,author-reported; automated source review
ucc-research-result-foldbench-protein-rna-chai1-lddt,ucc-research-source-foldbench-supp,"Supplementary Table 3, protein-rna block, LDDT row, Chai-1 column; Table 1 assessable count",0.73,author-reported; automated source review
ucc-research-result-foldbench-protein-rna-helixfold3-success-rate,ucc-research-source-foldbench-supp,"Supplementary Table 3, protein-rna block, Success rate row, HelixFold 3 column; Table 1 assessable count",48.28,author-reported; automated source review
ucc-research-result-foldbench-protein-rna-helixfold3-irmsd,ucc-research-source-foldbench-supp,"Supplementary Table 3, protein-rna block, iRMSD row, HelixFold 3 column; Table 1 assessable count",9.87,author-reported; automated source review
ucc-research-result-foldbench-protein-rna-helixfold3-lrmsd,ucc-research-source-foldbench-supp,"Supplementary Table 3, protein-rna block, lRMSD row, HelixFold 3 column; Table 1 assessable count",23.73,author-reported; automated source review
ucc-research-result-foldbench-protein-rna-helixfold3-lddt,ucc-research-source-foldbench-supp,"Supplementary Table 3, protein-rna block, LDDT row, HelixFold 3 column; Table 1 assessable count",0.73,author-reported; automated source review
ucc-research-result-foldbench-protein-rna-protenix-success-rate,ucc-research-source-foldbench-supp,"Supplementary Table 3, protein-rna block, Success rate row, Protenix column; Table 1 assessable count",44.78,author-reported; automated source review
ucc-research-result-foldbench-protein-rna-protenix-irmsd,ucc-research-source-foldbench-supp,"Supplementary Table 3, protein-rna block, iRMSD row, Protenix column; Table 1 assessable count",8.88,author-reported; automated source review
ucc-research-result-foldbench-protein-rna-protenix-lrmsd,ucc-research-source-foldbench-supp,"Supplementary Table 3, protein-rna block, lRMSD row, Protenix column; Table 1 assessable count",22.26,author-reported; automated source review
ucc-research-result-foldbench-protein-rna-protenix-lddt,ucc-research-source-foldbench-supp,"Supplementary Table 3, protein-rna block, LDDT row, Protenix column; Table 1 assessable count",0.75,author-reported; automated source review
ucc-research-result-foldbench-protein-peptide-af3-success-rate,ucc-research-source-foldbench-supp,"Supplementary Table 3, protein-peptide block, Success rate row, AlphaFold 3 column; Table 1 assessable count",82.98,author-reported; automated source review
ucc-research-result-foldbench-protein-peptide-af3-irmsd,ucc-research-source-foldbench-supp,"Supplementary Table 3, protein-peptide block, iRMSD row, AlphaFold 3 column; Table 1 assessable count",2.81,author-reported; automated source review
ucc-research-result-foldbench-protein-peptide-af3-lrmsd,ucc-research-source-foldbench-supp,"Supplementary Table 3, protein-peptide block, lRMSD row, AlphaFold 3 column; Table 1 assessable count",6.56,author-reported; automated source review
ucc-research-result-foldbench-protein-peptide-af3-lddt,ucc-research-source-foldbench-supp,"Supplementary Table 3, protein-peptide block, LDDT row, AlphaFold 3 column; Table 1 assessable count",0.84,author-reported; automated source review
ucc-research-result-foldbench-protein-peptide-boltz1-success-rate,ucc-research-source-foldbench-supp,"Supplementary Table 3, protein-peptide block, Success rate row, Boltz-1 column; Table 1 assessable count",79.17,author-reported; automated source review
ucc-research-result-foldbench-protein-peptide-boltz1-irmsd,ucc-research-source-foldbench-supp,"Supplementary Table 3, protein-peptide block, iRMSD row, Boltz-1 column; Table 1 assessable count",2.88,author-reported; automated source review
ucc-research-result-foldbench-protein-peptide-boltz1-lrmsd,ucc-research-source-foldbench-supp,"Supplementary Table 3, protein-peptide block, lRMSD row, Boltz-1 column; Table 1 assessable count",8.82,author-reported; automated source review
ucc-research-result-foldbench-protein-peptide-boltz1-lddt,ucc-research-source-foldbench-supp,"Supplementary Table 3, protein-peptide block, LDDT row, Boltz-1 column; Table 1 assessable count",0.83,author-reported; automated source review
ucc-research-result-foldbench-protein-peptide-chai1-success-rate,ucc-research-source-foldbench-supp,"Supplementary Table 3, protein-peptide block, Success rate row, Chai-1 column; Table 1 assessable count",66.67,author-reported; automated source review
ucc-research-result-foldbench-protein-peptide-chai1-irmsd,ucc-research-source-foldbench-supp,"Supplementary Table 3, protein-peptide block, iRMSD row, Chai-1 column; Table 1 assessable count",3.36,author-reported; automated source review
ucc-research-result-foldbench-protein-peptide-chai1-lrmsd,ucc-research-source-foldbench-supp,"Supplementary Table 3, protein-peptide block, lRMSD row, Chai-1 column; Table 1 assessable count",8.77,author-reported; automated source review
ucc-research-result-foldbench-protein-peptide-chai1-lddt,ucc-research-source-foldbench-supp,"Supplementary Table 3, protein-peptide block, LDDT row, Chai-1 column; Table 1 assessable count",0.82,author-reported; automated source review
ucc-research-result-foldbench-protein-peptide-helixfold3-success-rate,ucc-research-source-foldbench-supp,"Supplementary Table 3, protein-peptide block, Success rate row, HelixFold 3 column; Table 1 assessable count",89.47,author-reported; automated source review
ucc-research-result-foldbench-protein-peptide-helixfold3-irmsd,ucc-research-source-foldbench-supp,"Supplementary Table 3, protein-peptide block, iRMSD row, HelixFold 3 column; Table 1 assessable count",3.72,author-reported; automated source review
ucc-research-result-foldbench-protein-peptide-helixfold3-lrmsd,ucc-research-source-foldbench-supp,"Supplementary Table 3, protein-peptide block, lRMSD row, HelixFold 3 column; Table 1 assessable count",9.79,author-reported; automated source review
ucc-research-result-foldbench-protein-peptide-helixfold3-lddt,ucc-research-source-foldbench-supp,"Supplementary Table 3, protein-peptide block, LDDT row, HelixFold 3 column; Table 1 assessable count",0.83,author-reported; automated source review
ucc-research-result-foldbench-protein-peptide-protenix-success-rate,ucc-research-source-foldbench-supp,"Supplementary Table 3, protein-peptide block, Success rate row, Protenix column; Table 1 assessable count",77.08,author-reported; automated source review
ucc-research-result-foldbench-protein-peptide-protenix-irmsd,ucc-research-source-foldbench-supp,"Supplementary Table 3, protein-peptide block, iRMSD row, Protenix column; Table 1 assessable count",2.93,author-reported; automated source review
ucc-research-result-foldbench-protein-peptide-protenix-lrmsd,ucc-research-source-foldbench-supp,"Supplementary Table 3, protein-peptide block, lRMSD row, Protenix column; Table 1 assessable count",8.44,author-reported; automated source review
ucc-research-result-foldbench-protein-peptide-protenix-lddt,ucc-research-source-foldbench-supp,"Supplementary Table 3, protein-peptide block, LDDT row, Protenix column; Table 1 assessable count",0.83,author-reported; automated source review
ucc-research-result-foldbench-protein-monomer-af3-gdt-ts,ucc-research-source-foldbench-supp,"Supplementary Table 3, protein-monomer block, GDT-TS row, AlphaFold 3 column; Table 1 assessable count",0.92,author-reported; automated source review
ucc-research-result-foldbench-protein-monomer-af3-tm-score,ucc-research-source-foldbench-supp,"Supplementary Table 3, protein-monomer block, TM-score row, AlphaFold 3 column; Table 1 assessable count",0.94,author-reported; automated source review
ucc-research-result-foldbench-protein-monomer-af3-rmsd,ucc-research-source-foldbench-supp,"Supplementary Table 3, protein-monomer block, RMSD row, AlphaFold 3 column; Table 1 assessable count",1.95,author-reported; automated source review
ucc-research-result-foldbench-protein-monomer-af3-lddt,ucc-research-source-foldbench-supp,"Supplementary Table 3, protein-monomer block, LDDT row, AlphaFold 3 column; Table 1 assessable count",0.88,author-reported; automated source review
ucc-research-result-foldbench-protein-monomer-boltz1-gdt-ts,ucc-research-source-foldbench-supp,"Supplementary Table 3, protein-monomer block, GDT-TS row, Boltz-1 column; Table 1 assessable count",0.91,author-reported; automated source review
ucc-research-result-foldbench-protein-monomer-boltz1-tm-score,ucc-research-source-foldbench-supp,"Supplementary Table 3, protein-monomer block, TM-score row, Boltz-1 column; Table 1 assessable count",0.94,author-reported; automated source review
ucc-research-result-foldbench-protein-monomer-boltz1-rmsd,ucc-research-source-foldbench-supp,"Supplementary Table 3, protein-monomer block, RMSD row, Boltz-1 column; Table 1 assessable count",1.97,author-reported; automated source review
ucc-research-result-foldbench-protein-monomer-boltz1-lddt,ucc-research-source-foldbench-supp,"Supplementary Table 3, protein-monomer block, LDDT row, Boltz-1 column; Table 1 assessable count",0.87,author-reported; automated source review
ucc-research-result-foldbench-protein-monomer-chai1-gdt-ts,ucc-research-source-foldbench-supp,"Supplementary Table 3, protein-monomer block, GDT-TS row, Chai-1 column; Table 1 assessable count",0.90,author-reported; automated source review
ucc-research-result-foldbench-protein-monomer-chai1-tm-score,ucc-research-source-foldbench-supp,"Supplementary Table 3, protein-monomer block, TM-score row, Chai-1 column; Table 1 assessable count",0.93,author-reported; automated source review
ucc-research-result-foldbench-protein-monomer-chai1-rmsd,ucc-research-source-foldbench-supp,"Supplementary Table 3, protein-monomer block, RMSD row, Chai-1 column; Table 1 assessable count",2.10,author-reported; automated source review
ucc-research-result-foldbench-protein-monomer-chai1-lddt,ucc-research-source-foldbench-supp,"Supplementary Table 3, protein-monomer block, LDDT row, Chai-1 column; Table 1 assessable count",0.87,author-reported; automated source review
ucc-research-result-foldbench-protein-monomer-helixfold3-gdt-ts,ucc-research-source-foldbench-supp,"Supplementary Table 3, protein-monomer block, GDT-TS row, HelixFold 3 column; Table 1 assessable count",0.91,author-reported; automated source review
ucc-research-result-foldbench-protein-monomer-helixfold3-tm-score,ucc-research-source-foldbench-supp,"Supplementary Table 3, protein-monomer block, TM-score row, HelixFold 3 column; Table 1 assessable count",0.94,author-reported; automated source review
ucc-research-result-foldbench-protein-monomer-helixfold3-rmsd,ucc-research-source-foldbench-supp,"Supplementary Table 3, protein-monomer block, RMSD row, HelixFold 3 column; Table 1 assessable count",2.03,author-reported; automated source review
ucc-research-result-foldbench-protein-monomer-helixfold3-lddt,ucc-research-source-foldbench-supp,"Supplementary Table 3, protein-monomer block, LDDT row, HelixFold 3 column; Table 1 assessable count",0.86,author-reported; automated source review
ucc-research-result-foldbench-protein-monomer-protenix-gdt-ts,ucc-research-source-foldbench-supp,"Supplementary Table 3, protein-monomer block, GDT-TS row, Protenix column; Table 1 assessable count",0.90,author-reported; automated source review
ucc-research-result-foldbench-protein-monomer-protenix-tm-score,ucc-research-source-foldbench-supp,"Supplementary Table 3, protein-monomer block, TM-score row, Protenix column; Table 1 assessable count",0.93,author-reported; automated source review
ucc-research-result-foldbench-protein-monomer-protenix-rmsd,ucc-research-source-foldbench-supp,"Supplementary Table 3, protein-monomer block, RMSD row, Protenix column; Table 1 assessable count",2.04,author-reported; automated source review
ucc-research-result-foldbench-protein-monomer-protenix-lddt,ucc-research-source-foldbench-supp,"Supplementary Table 3, protein-monomer block, LDDT row, Protenix column; Table 1 assessable count",0.86,author-reported; automated source review
ucc-research-result-foldbench-dna-monomer-af3-gdt-ts,ucc-research-source-foldbench-supp,"Supplementary Table 3, dna-monomer block, GDT-TS row, AlphaFold 3 column; Table 1 assessable count",0.58,author-reported; automated source review
ucc-research-result-foldbench-dna-monomer-af3-tm-score,ucc-research-source-foldbench-supp,"Supplementary Table 3, dna-monomer block, TM-score row, AlphaFold 3 column; Table 1 assessable count",0.31,author-reported; automated source review
ucc-research-result-foldbench-dna-monomer-af3-rmsd,ucc-research-source-foldbench-supp,"Supplementary Table 3, dna-monomer block, RMSD row, AlphaFold 3 column; Table 1 assessable count",6.48,author-reported; automated source review
ucc-research-result-foldbench-dna-monomer-af3-lddt,ucc-research-source-foldbench-supp,"Supplementary Table 3, dna-monomer block, LDDT row, AlphaFold 3 column; Table 1 assessable count",0.53,author-reported; automated source review
ucc-research-result-foldbench-dna-monomer-boltz1-gdt-ts,ucc-research-source-foldbench-supp,"Supplementary Table 3, dna-monomer block, GDT-TS row, Boltz-1 column; Table 1 assessable count",0.55,author-reported; automated source review
ucc-research-result-foldbench-dna-monomer-boltz1-tm-score,ucc-research-source-foldbench-supp,"Supplementary Table 3, dna-monomer block, TM-score row, Boltz-1 column; Table 1 assessable count",0.28,author-reported; automated source review
ucc-research-result-foldbench-dna-monomer-boltz1-rmsd,ucc-research-source-foldbench-supp,"Supplementary Table 3, dna-monomer block, RMSD row, Boltz-1 column; Table 1 assessable count",5.88,author-reported; automated source review
ucc-research-result-foldbench-dna-monomer-boltz1-lddt,ucc-research-source-foldbench-supp,"Supplementary Table 3, dna-monomer block, LDDT row, Boltz-1 column; Table 1 assessable count",0.34,author-reported; automated source review
ucc-research-result-foldbench-dna-monomer-chai1-gdt-ts,ucc-research-source-foldbench-supp,"Supplementary Table 3, dna-monomer block, GDT-TS row, Chai-1 column; Table 1 assessable count",0.48,author-reported; automated source review
ucc-research-result-foldbench-dna-monomer-chai1-tm-score,ucc-research-source-foldbench-supp,"Supplementary Table 3, dna-monomer block, TM-score row, Chai-1 column; Table 1 assessable count",0.22,author-reported; automated source review
ucc-research-result-foldbench-dna-monomer-chai1-rmsd,ucc-research-source-foldbench-supp,"Supplementary Table 3, dna-monomer block, RMSD row, Chai-1 column; Table 1 assessable count",8.57,author-reported; automated source review
ucc-research-result-foldbench-dna-monomer-chai1-lddt,ucc-research-source-foldbench-supp,"Supplementary Table 3, dna-monomer block, LDDT row, Chai-1 column; Table 1 assessable count",0.46,author-reported; automated source review
ucc-research-result-foldbench-dna-monomer-helixfold3-gdt-ts,ucc-research-source-foldbench-supp,"Supplementary Table 3, dna-monomer block, GDT-TS row, HelixFold 3 column; Table 1 assessable count",0.38,author-reported; automated source review
ucc-research-result-foldbench-dna-monomer-helixfold3-tm-score,ucc-research-source-foldbench-supp,"Supplementary Table 3, dna-monomer block, TM-score row, HelixFold 3 column; Table 1 assessable count",0.19,author-reported; automated source review
ucc-research-result-foldbench-dna-monomer-helixfold3-rmsd,ucc-research-source-foldbench-supp,"Supplementary Table 3, dna-monomer block, RMSD row, HelixFold 3 column; Table 1 assessable count",10.73,author-reported; automated source review
ucc-research-result-foldbench-dna-monomer-helixfold3-lddt,ucc-research-source-foldbench-supp,"Supplementary Table 3, dna-monomer block, LDDT row, HelixFold 3 column; Table 1 assessable count",0.29,author-reported; automated source review
ucc-research-result-foldbench-dna-monomer-protenix-gdt-ts,ucc-research-source-foldbench-supp,"Supplementary Table 3, dna-monomer block, GDT-TS row, Protenix column; Table 1 assessable count",0.52,author-reported; automated source review
ucc-research-result-foldbench-dna-monomer-protenix-tm-score,ucc-research-source-foldbench-supp,"Supplementary Table 3, dna-monomer block, TM-score row, Protenix column; Table 1 assessable count",0.28,author-reported; automated source review
ucc-research-result-foldbench-dna-monomer-protenix-rmsd,ucc-research-source-foldbench-supp,"Supplementary Table 3, dna-monomer block, RMSD row, Protenix column; Table 1 assessable count",7.40,author-reported; automated source review
ucc-research-result-foldbench-dna-monomer-protenix-lddt,ucc-research-source-foldbench-supp,"Supplementary Table 3, dna-monomer block, LDDT row, Protenix column; Table 1 assessable count",0.44,author-reported; automated source review
ucc-research-result-foldbench-rna-monomer-af3-gdt-ts,ucc-research-source-foldbench-supp,"Supplementary Table 3, rna-monomer block, GDT-TS row, AlphaFold 3 column; Table 1 assessable count",0.53,author-reported; automated source review
ucc-research-result-foldbench-rna-monomer-af3-tm-score,ucc-research-source-foldbench-supp,"Supplementary Table 3, rna-monomer block, TM-score row, AlphaFold 3 column; Table 1 assessable count",0.41,author-reported; automated source review
ucc-research-result-foldbench-rna-monomer-af3-rmsd,ucc-research-source-foldbench-supp,"Supplementary Table 3, rna-monomer block, RMSD row, AlphaFold 3 column; Table 1 assessable count",8.66,author-reported; automated source review
ucc-research-result-foldbench-rna-monomer-af3-lddt,ucc-research-source-foldbench-supp,"Supplementary Table 3, rna-monomer block, LDDT row, AlphaFold 3 column; Table 1 assessable count",0.61,author-reported; automated source review
ucc-research-result-foldbench-rna-monomer-boltz1-gdt-ts,ucc-research-source-foldbench-supp,"Supplementary Table 3, rna-monomer block, GDT-TS row, Boltz-1 column; Table 1 assessable count",0.51,author-reported; automated source review
ucc-research-result-foldbench-rna-monomer-boltz1-tm-score,ucc-research-source-foldbench-supp,"Supplementary Table 3, rna-monomer block, TM-score row, Boltz-1 column; Table 1 assessable count",0.37,author-reported; automated source review
ucc-research-result-foldbench-rna-monomer-boltz1-rmsd,ucc-research-source-foldbench-supp,"Supplementary Table 3, rna-monomer block, RMSD row, Boltz-1 column; Table 1 assessable count",11.16,author-reported; automated source review
ucc-research-result-foldbench-rna-monomer-boltz1-lddt,ucc-research-source-foldbench-supp,"Supplementary Table 3, rna-monomer block, LDDT row, Boltz-1 column; Table 1 assessable count",0.44,author-reported; automated source review
ucc-research-result-foldbench-rna-monomer-chai1-gdt-ts,ucc-research-source-foldbench-supp,"Supplementary Table 3, rna-monomer block, GDT-TS row, Chai-1 column; Table 1 assessable count",0.42,author-reported; automated source review
ucc-research-result-foldbench-rna-monomer-chai1-tm-score,ucc-research-source-foldbench-supp,"Supplementary Table 3, rna-monomer block, TM-score row, Chai-1 column; Table 1 assessable count",0.29,author-reported; automated source review
ucc-research-result-foldbench-rna-monomer-chai1-rmsd,ucc-research-source-foldbench-supp,"Supplementary Table 3, rna-monomer block, RMSD row, Chai-1 column; Table 1 assessable count",13.73,author-reported; automated source review
ucc-research-result-foldbench-rna-monomer-chai1-lddt,ucc-research-source-foldbench-supp,"Supplementary Table 3, rna-monomer block, LDDT row, Chai-1 column; Table 1 assessable count",0.49,author-reported; automated source review
ucc-research-result-foldbench-rna-monomer-helixfold3-gdt-ts,ucc-research-source-foldbench-supp,"Supplementary Table 3, rna-monomer block, GDT-TS row, HelixFold 3 column; Table 1 assessable count",0.50,author-reported; automated source review
ucc-research-result-foldbench-rna-monomer-helixfold3-tm-score,ucc-research-source-foldbench-supp,"Supplementary Table 3, rna-monomer block, TM-score row, HelixFold 3 column; Table 1 assessable count",0.36,author-reported; automated source review
ucc-research-result-foldbench-rna-monomer-helixfold3-rmsd,ucc-research-source-foldbench-supp,"Supplementary Table 3, rna-monomer block, RMSD row, HelixFold 3 column; Table 1 assessable count",11.51,author-reported; automated source review
ucc-research-result-foldbench-rna-monomer-helixfold3-lddt,ucc-research-source-foldbench-supp,"Supplementary Table 3, rna-monomer block, LDDT row, HelixFold 3 column; Table 1 assessable count",0.55,author-reported; automated source review
ucc-research-result-foldbench-rna-monomer-protenix-gdt-ts,ucc-research-source-foldbench-supp,"Supplementary Table 3, rna-monomer block, GDT-TS row, Protenix column; Table 1 assessable count",0.55,author-reported; automated source review
ucc-research-result-foldbench-rna-monomer-protenix-tm-score,ucc-research-source-foldbench-supp,"Supplementary Table 3, rna-monomer block, TM-score row, Protenix column; Table 1 assessable count",0.38,author-reported; automated source review
ucc-research-result-foldbench-rna-monomer-protenix-rmsd,ucc-research-source-foldbench-supp,"Supplementary Table 3, rna-monomer block, RMSD row, Protenix column; Table 1 assessable count",9.24,author-reported; automated source review
ucc-research-result-foldbench-rna-monomer-protenix-lddt,ucc-research-source-foldbench-supp,"Supplementary Table 3, rna-monomer block, LDDT row, Protenix column; Table 1 assessable count",0.59,author-reported; automated source review
ucc-research-result-cppc-nominated-target-outcome-named-desired-state-hits,ucc-research-source-challenge-paper,Abstract; Results Figure 5: Dimt1 and Ndufv2 exceed Screen-1 targets on ICB objective,two,author-reported; automated source review
ucc-research-result-cppc-table-s2-c-row-2-mean-summed-cell-state-l1,ucc-research-source-challenge-supp-s2,Supplementary Table S2; media-3.xlsx sheet 'Challenge 1 & 2'; cell C2; raw XLSX numeric value (not rounded display),0.714231557522096,author-reported; automated source review
ucc-research-result-cppc-table-s2-d-row-2-robust-topk-overlap-auc,ucc-research-source-challenge-supp-s2,Supplementary Table S2; media-3.xlsx sheet 'Challenge 1 & 2'; cell D2; raw XLSX numeric value (not rounded display),0.519114225709815,author-reported; automated source review
ucc-research-result-cppc-table-s2-j-row-2-reimplemented-best-topk-overlap-auc,ucc-research-source-challenge-supp-s2,Supplementary Table S2; media-3.xlsx sheet 'Challenge 1 & 2'; cell J2; raw XLSX numeric value (not rounded display),0.5313,author-reported; automated source review
ucc-research-result-cppc-table-s2-c-row-3-mean-summed-cell-state-l1,ucc-research-source-challenge-supp-s2,Supplementary Table S2; media-3.xlsx sheet 'Challenge 1 & 2'; cell C3; raw XLSX numeric value (not rounded display),0.749623706885949,author-reported; automated source review
ucc-research-result-cppc-table-s2-d-row-3-robust-topk-overlap-auc,ucc-research-source-challenge-supp-s2,Supplementary Table S2; media-3.xlsx sheet 'Challenge 1 & 2'; cell D3; raw XLSX numeric value (not rounded display),0.505988682712684,author-reported; automated source review
ucc-research-result-cppc-table-s2-j-row-3-reimplemented-best-topk-overlap-auc,ucc-research-source-challenge-supp-s2,Supplementary Table S2; media-3.xlsx sheet 'Challenge 1 & 2'; cell J3; raw XLSX numeric value (not rounded display),0.6289,author-reported; automated source review
ucc-research-result-cppc-table-s2-c-row-4-mean-summed-cell-state-l1,ucc-research-source-challenge-supp-s2,Supplementary Table S2; media-3.xlsx sheet 'Challenge 1 & 2'; cell C4; raw XLSX numeric value (not rounded display),0.763695525615571,author-reported; automated source review
ucc-research-result-cppc-table-s2-d-row-4-robust-topk-overlap-auc,ucc-research-source-challenge-supp-s2,Supplementary Table S2; media-3.xlsx sheet 'Challenge 1 & 2'; cell D4; raw XLSX numeric value (not rounded display),0.511799158871869,author-reported; automated source review
ucc-research-result-cppc-table-s2-j-row-4-reimplemented-best-topk-overlap-auc,ucc-research-source-challenge-supp-s2,Supplementary Table S2; media-3.xlsx sheet 'Challenge 1 & 2'; cell J4; raw XLSX numeric value (not rounded display),0.5376,author-reported; automated source review
ucc-research-result-cppc-table-s2-c-row-5-mean-summed-cell-state-l1,ucc-research-source-challenge-supp-s2,Supplementary Table S2; media-3.xlsx sheet 'Challenge 1 & 2'; cell C5; raw XLSX numeric value (not rounded display),0.766897513201356,author-reported; automated source review
ucc-research-result-cppc-table-s2-d-row-5-robust-topk-overlap-auc,ucc-research-source-challenge-supp-s2,Supplementary Table S2; media-3.xlsx sheet 'Challenge 1 & 2'; cell D5; raw XLSX numeric value (not rounded display),0.507953730976368,author-reported; automated source review
ucc-research-result-cppc-table-s2-j-row-5-reimplemented-best-topk-overlap-auc,ucc-research-source-challenge-supp-s2,Supplementary Table S2; media-3.xlsx sheet 'Challenge 1 & 2'; cell J5; raw XLSX numeric value (not rounded display),0.5137,author-reported; automated source review
ucc-research-result-cppc-table-s2-c-row-6-mean-summed-cell-state-l1,ucc-research-source-challenge-supp-s2,Supplementary Table S2; media-3.xlsx sheet 'Challenge 1 & 2'; cell C6; raw XLSX numeric value (not rounded display),0.778936759051863,author-reported; automated source review
ucc-research-result-cppc-table-s2-d-row-6-robust-topk-overlap-auc,ucc-research-source-challenge-supp-s2,Supplementary Table S2; media-3.xlsx sheet 'Challenge 1 & 2'; cell D6; raw XLSX numeric value (not rounded display),0.451726059682224,author-reported; automated source review
ucc-research-result-cppc-table-s2-j-row-6-reimplemented-best-topk-overlap-auc,ucc-research-source-challenge-supp-s2,Supplementary Table S2; media-3.xlsx sheet 'Challenge 1 & 2'; cell J6; raw XLSX numeric value (not rounded display),0.5769,author-reported; automated source review
ucc-research-result-cppc-table-s2-c-row-7-mean-summed-cell-state-l1,ucc-research-source-challenge-supp-s2,Supplementary Table S2; media-3.xlsx sheet 'Challenge 1 & 2'; cell C7; raw XLSX numeric value (not rounded display),0.788115691465345,author-reported; automated source review
ucc-research-result-cppc-table-s2-d-row-7-robust-topk-overlap-auc,ucc-research-source-challenge-supp-s2,Supplementary Table S2; media-3.xlsx sheet 'Challenge 1 & 2'; cell D7; raw XLSX numeric value (not rounded display),0.565629255819678,author-reported; automated source review
ucc-research-result-cppc-table-s2-j-row-7-reimplemented-best-topk-overlap-auc,ucc-research-source-challenge-supp-s2,Supplementary Table S2; media-3.xlsx sheet 'Challenge 1 & 2'; cell J7; raw XLSX numeric value (not rounded display),0.5432,author-reported; automated source review
ucc-research-result-cppc-table-s2-c-row-8-mean-summed-cell-state-l1,ucc-research-source-challenge-supp-s2,Supplementary Table S2; media-3.xlsx sheet 'Challenge 1 & 2'; cell C8; raw XLSX numeric value (not rounded display),0.788714665542019,author-reported; automated source review
ucc-research-result-cppc-table-s2-j-row-8-reimplemented-best-topk-overlap-auc,ucc-research-source-challenge-supp-s2,Supplementary Table S2; media-3.xlsx sheet 'Challenge 1 & 2'; cell J8; raw XLSX numeric value (not rounded display),0.5006,author-reported; automated source review
ucc-research-result-cppc-table-s2-c-row-9-mean-summed-cell-state-l1,ucc-research-source-challenge-supp-s2,Supplementary Table S2; media-3.xlsx sheet 'Challenge 1 & 2'; cell C9; raw XLSX numeric value (not rounded display),0.789617528689951,author-reported; automated source review
ucc-research-result-cppc-table-s2-j-row-9-reimplemented-best-topk-overlap-auc,ucc-research-source-challenge-supp-s2,Supplementary Table S2; media-3.xlsx sheet 'Challenge 1 & 2'; cell J9; raw XLSX numeric value (not rounded display),0.5062,author-reported; automated source review
ucc-research-result-cppc-table-s2-c-row-10-mean-summed-cell-state-l1,ucc-research-source-challenge-supp-s2,Supplementary Table S2; media-3.xlsx sheet 'Challenge 1 & 2'; cell C10; raw XLSX numeric value (not rounded display),0.799027374326798,author-reported; automated source review
ucc-research-result-cppc-table-s2-c-row-11-mean-summed-cell-state-l1,ucc-research-source-challenge-supp-s2,Supplementary Table S2; media-3.xlsx sheet 'Challenge 1 & 2'; cell C11; raw XLSX numeric value (not rounded display),0.799088058,author-reported; automated source review
ucc-research-result-cppc-table-s2-d-row-11-robust-topk-overlap-auc,ucc-research-source-challenge-supp-s2,Supplementary Table S2; media-3.xlsx sheet 'Challenge 1 & 2'; cell D11; raw XLSX numeric value (not rounded display),0.501506515511219,author-reported; automated source review
ucc-research-result-cppc-table-s2-c-row-12-mean-summed-cell-state-l1,ucc-research-source-challenge-supp-s2,Supplementary Table S2; media-3.xlsx sheet 'Challenge 1 & 2'; cell C12; raw XLSX numeric value (not rounded display),0.812698321896563,author-reported; automated source review
ucc-research-result-cppc-table-s2-d-row-12-robust-topk-overlap-auc,ucc-research-source-challenge-supp-s2,Supplementary Table S2; media-3.xlsx sheet 'Challenge 1 & 2'; cell D12; raw XLSX numeric value (not rounded display),0.542013304117512,author-reported; automated source review
ucc-research-result-cppc-table-s2-j-row-12-reimplemented-best-topk-overlap-auc,ucc-research-source-challenge-supp-s2,Supplementary Table S2; media-3.xlsx sheet 'Challenge 1 & 2'; cell J12; raw XLSX numeric value (not rounded display),0.5192,author-reported; automated source review
ucc-research-result-cppc-table-s2-c-row-13-mean-summed-cell-state-l1,ucc-research-source-challenge-supp-s2,Supplementary Table S2; media-3.xlsx sheet 'Challenge 1 & 2'; cell C13; raw XLSX numeric value (not rounded display),0.814939059896563,author-reported; automated source review
ucc-research-result-cppc-table-s2-d-row-13-robust-topk-overlap-auc,ucc-research-source-challenge-supp-s2,Supplementary Table S2; media-3.xlsx sheet 'Challenge 1 & 2'; cell D13; raw XLSX numeric value (not rounded display),0.532368861868764,author-reported; automated source review
ucc-research-result-cppc-table-s2-c-row-14-mean-summed-cell-state-l1,ucc-research-source-challenge-supp-s2,Supplementary Table S2; media-3.xlsx sheet 'Challenge 1 & 2'; cell C14; raw XLSX numeric value (not rounded display),0.819809321896563,author-reported; automated source review
ucc-research-result-cppc-table-s2-d-row-14-robust-topk-overlap-auc,ucc-research-source-challenge-supp-s2,Supplementary Table S2; media-3.xlsx sheet 'Challenge 1 & 2'; cell D14; raw XLSX numeric value (not rounded display),0.546766056717848,author-reported; automated source review
ucc-research-result-cppc-table-s2-c-row-15-mean-summed-cell-state-l1,ucc-research-source-challenge-supp-s2,Supplementary Table S2; media-3.xlsx sheet 'Challenge 1 & 2'; cell C15; raw XLSX numeric value (not rounded display),0.829050398614951,author-reported; automated source review
ucc-research-result-cppc-table-s2-d-row-15-robust-topk-overlap-auc,ucc-research-source-challenge-supp-s2,Supplementary Table S2; media-3.xlsx sheet 'Challenge 1 & 2'; cell D15; raw XLSX numeric value (not rounded display),0.541638194796676,author-reported; automated source review
ucc-research-result-cppc-table-s2-c-row-16-mean-summed-cell-state-l1,ucc-research-source-challenge-supp-s2,Supplementary Table S2; media-3.xlsx sheet 'Challenge 1 & 2'; cell C16; raw XLSX numeric value (not rounded display),0.849406329604309,author-reported; automated source review
ucc-research-result-cppc-table-s2-d-row-16-robust-topk-overlap-auc,ucc-research-source-challenge-supp-s2,Supplementary Table S2; media-3.xlsx sheet 'Challenge 1 & 2'; cell D16; raw XLSX numeric value (not rounded display),0.556678576507044,author-reported; automated source review
ucc-research-result-cppc-table-s2-j-row-16-reimplemented-best-topk-overlap-auc,ucc-research-source-challenge-supp-s2,Supplementary Table S2; media-3.xlsx sheet 'Challenge 1 & 2'; cell J16; raw XLSX numeric value (not rounded display),0.4901,author-reported; automated source review
ucc-research-result-cppc-table-s2-c-row-17-mean-summed-cell-state-l1,ucc-research-source-challenge-supp-s2,Supplementary Table S2; media-3.xlsx sheet 'Challenge 1 & 2'; cell C17; raw XLSX numeric value (not rounded display),0.85912419810707,author-reported; automated source review
ucc-research-result-cppc-table-s2-d-row-17-robust-topk-overlap-auc,ucc-research-source-challenge-supp-s2,Supplementary Table S2; media-3.xlsx sheet 'Challenge 1 & 2'; cell D17; raw XLSX numeric value (not rounded display),0.556494088777957,author-reported; automated source review
ucc-research-result-cppc-table-s2-c-row-18-mean-summed-cell-state-l1,ucc-research-source-challenge-supp-s2,Supplementary Table S2; media-3.xlsx sheet 'Challenge 1 & 2'; cell C18; raw XLSX numeric value (not rounded display),0.901369596689951,author-reported; automated source review
ucc-research-result-cppc-table-s2-d-row-18-robust-topk-overlap-auc,ucc-research-source-challenge-supp-s2,Supplementary Table S2; media-3.xlsx sheet 'Challenge 1 & 2'; cell D18; raw XLSX numeric value (not rounded display),0.530264681324469,author-reported; automated source review
ucc-research-result-cppc-table-s2-c-row-19-mean-summed-cell-state-l1,ucc-research-source-challenge-supp-s2,Supplementary Table S2; media-3.xlsx sheet 'Challenge 1 & 2'; cell C19; raw XLSX numeric value (not rounded display),0.912819519864341,author-reported; automated source review
ucc-research-result-cppc-table-s2-d-row-19-robust-topk-overlap-auc,ucc-research-source-challenge-supp-s2,Supplementary Table S2; media-3.xlsx sheet 'Challenge 1 & 2'; cell D19; raw XLSX numeric value (not rounded display),0.533398096944922,author-reported; automated source review
ucc-research-result-cppc-table-s2-c-row-20-mean-summed-cell-state-l1,ucc-research-source-challenge-supp-s2,Supplementary Table S2; media-3.xlsx sheet 'Challenge 1 & 2'; cell C20; raw XLSX numeric value (not rounded display),0.920156729637462,author-reported; automated source review
ucc-research-result-cppc-table-s2-d-row-20-robust-topk-overlap-auc,ucc-research-source-challenge-supp-s2,Supplementary Table S2; media-3.xlsx sheet 'Challenge 1 & 2'; cell D20; raw XLSX numeric value (not rounded display),0.538378678353151,author-reported; automated source review
ucc-research-result-cppc-table-s2-c-row-21-mean-summed-cell-state-l1,ucc-research-source-challenge-supp-s2,Supplementary Table S2; media-3.xlsx sheet 'Challenge 1 & 2'; cell C21; raw XLSX numeric value (not rounded display),1.2684563775159,author-reported; automated source review
ucc-research-result-cppc-table-s2-d-row-21-robust-topk-overlap-auc,ucc-research-source-challenge-supp-s2,Supplementary Table S2; media-3.xlsx sheet 'Challenge 1 & 2'; cell D21; raw XLSX numeric value (not rounded display),0.531796855934225,author-reported; automated source review
ucc-research-result-cppc-table-s2-d-row-22-robust-topk-overlap-auc,ucc-research-source-challenge-supp-s2,Supplementary Table S2; media-3.xlsx sheet 'Challenge 1 & 2'; cell D22; raw XLSX numeric value (not rounded display),0.560619829266025,author-reported; automated source review
ucc-research-result-cppc-table-s2-j-row-22-reimplemented-best-topk-overlap-auc,ucc-research-source-challenge-supp-s2,Supplementary Table S2; media-3.xlsx sheet 'Challenge 1 & 2'; cell J22; raw XLSX numeric value (not rounded display),0.5439,author-reported; automated source review
ucc-research-result-cppc-table-s2-d-row-23-robust-topk-overlap-auc,ucc-research-source-challenge-supp-s2,Supplementary Table S2; media-3.xlsx sheet 'Challenge 1 & 2'; cell D23; raw XLSX numeric value (not rounded display),0.487024563674472,author-reported; automated source review
ucc-research-result-cppc-table-s2-j-row-23-reimplemented-best-topk-overlap-auc,ucc-research-source-challenge-supp-s2,Supplementary Table S2; media-3.xlsx sheet 'Challenge 1 & 2'; cell J23; raw XLSX numeric value (not rounded display),0.5863,author-reported; automated source review
ucc-research-result-cppc-table-s2-d-row-24-robust-topk-overlap-auc,ucc-research-source-challenge-supp-s2,Supplementary Table S2; media-3.xlsx sheet 'Challenge 1 & 2'; cell D24; raw XLSX numeric value (not rounded display),0.476830976480869,author-reported; automated source review
ucc-research-result-cppc-table-s2-j-row-24-reimplemented-best-topk-overlap-auc,ucc-research-source-challenge-supp-s2,Supplementary Table S2; media-3.xlsx sheet 'Challenge 1 & 2'; cell J24; raw XLSX numeric value (not rounded display),0.4803,author-reported; automated source review
ucc-docking-cluspro-bm5-2020-result-enzyme-top10-count,ucc-docking-cluspro-bm5-2020-source,"Table1 Enzyme, first (top10) row; Good models Number",51,author-reported; automated source review; source_checked
ucc-docking-cluspro-bm5-2020-result-enzyme-top10-percent,ucc-docking-cluspro-bm5-2020-source,"Table1 Enzyme, first (top10) row; Good models %",57.95%,author-reported; automated source review; source_checked
ucc-docking-cluspro-bm5-2020-result-enzyme-top10-easy-acceptable-or-better-targets,ucc-docking-cluspro-bm5-2020-source,"Table1 Enzyme, first (top10) row; easy column; acceptable_or_better_targets",44,author-reported; automated source review; source_checked
ucc-docking-cluspro-bm5-2020-result-enzyme-top10-easy-high-accuracy-targets,ucc-docking-cluspro-bm5-2020-source,"Table1 Enzyme, first (top10) row; easy column; high_accuracy_targets",2,author-reported; automated source review; source_checked
ucc-docking-cluspro-bm5-2020-result-enzyme-top10-easy-medium-accuracy-targets,ucc-docking-cluspro-bm5-2020-source,"Table1 Enzyme, first (top10) row; easy column; medium_accuracy_targets",18,author-reported; automated source review; source_checked
ucc-docking-cluspro-bm5-2020-result-enzyme-top10-intermediate-acceptable-or-better-targets,ucc-docking-cluspro-bm5-2020-source,"Table1 Enzyme, first (top10) row; intermediate column; acceptable_or_better_targets",4,author-reported; automated source review; source_checked
ucc-docking-cluspro-bm5-2020-result-enzyme-top10-intermediate-high-accuracy-targets,ucc-docking-cluspro-bm5-2020-source,"Table1 Enzyme, first (top10) row; intermediate column; high_accuracy_targets",0,author-reported; automated source review; source_checked
ucc-docking-cluspro-bm5-2020-result-enzyme-top10-intermediate-medium-accuracy-targets,ucc-docking-cluspro-bm5-2020-source,"Table1 Enzyme, first (top10) row; intermediate column; medium_accuracy_targets",2,author-reported; automated source review; source_checked
ucc-docking-cluspro-bm5-2020-result-enzyme-top10-difficult-acceptable-or-better-targets,ucc-docking-cluspro-bm5-2020-source,"Table1 Enzyme, first (top10) row; difficult column; acceptable_or_better_targets",3,author-reported; automated source review; source_checked
ucc-docking-cluspro-bm5-2020-result-enzyme-top10-difficult-high-accuracy-targets,ucc-docking-cluspro-bm5-2020-source,"Table1 Enzyme, first (top10) row; difficult column; high_accuracy_targets",0,author-reported; automated source review; source_checked
ucc-docking-cluspro-bm5-2020-result-enzyme-top10-difficult-medium-accuracy-targets,ucc-docking-cluspro-bm5-2020-source,"Table1 Enzyme, first (top10) row; difficult column; medium_accuracy_targets",1,author-reported; automated source review; source_checked
ucc-docking-cluspro-bm5-2020-result-enzyme-top30-count,ucc-docking-cluspro-bm5-2020-source,"Table1 Enzyme, second (top30) row; Good models Number",59,author-reported; automated source review; source_checked
ucc-docking-cluspro-bm5-2020-result-enzyme-top30-percent,ucc-docking-cluspro-bm5-2020-source,"Table1 Enzyme, second (top30) row; Good models %",67.04%,author-reported; automated source review; source_checked
ucc-docking-cluspro-bm5-2020-result-enzyme-top30-easy-acceptable-or-better-targets,ucc-docking-cluspro-bm5-2020-source,"Table1 Enzyme, second (top30) row; easy column; acceptable_or_better_targets",50,author-reported; automated source review; source_checked
ucc-docking-cluspro-bm5-2020-result-enzyme-top30-easy-high-accuracy-targets,ucc-docking-cluspro-bm5-2020-source,"Table1 Enzyme, second (top30) row; easy column; high_accuracy_targets",2,author-reported; automated source review; source_checked
ucc-docking-cluspro-bm5-2020-result-enzyme-top30-easy-medium-accuracy-targets,ucc-docking-cluspro-bm5-2020-source,"Table1 Enzyme, second (top30) row; easy column; medium_accuracy_targets",21,author-reported; automated source review; source_checked
ucc-docking-cluspro-bm5-2020-result-enzyme-top30-intermediate-acceptable-or-better-targets,ucc-docking-cluspro-bm5-2020-source,"Table1 Enzyme, second (top30) row; intermediate column; acceptable_or_better_targets",5,author-reported; automated source review; source_checked
ucc-docking-cluspro-bm5-2020-result-enzyme-top30-intermediate-high-accuracy-targets,ucc-docking-cluspro-bm5-2020-source,"Table1 Enzyme, second (top30) row; intermediate column; high_accuracy_targets",0,author-reported; automated source review; source_checked
ucc-docking-cluspro-bm5-2020-result-enzyme-top30-intermediate-medium-accuracy-targets,ucc-docking-cluspro-bm5-2020-source,"Table1 Enzyme, second (top30) row; intermediate column; medium_accuracy_targets",2,author-reported; automated source review; source_checked
ucc-docking-cluspro-bm5-2020-result-enzyme-top30-difficult-acceptable-or-better-targets,ucc-docking-cluspro-bm5-2020-source,"Table1 Enzyme, second (top30) row; difficult column; acceptable_or_better_targets",4,author-reported; automated source review; source_checked
ucc-docking-cluspro-bm5-2020-result-enzyme-top30-difficult-high-accuracy-targets,ucc-docking-cluspro-bm5-2020-source,"Table1 Enzyme, second (top30) row; difficult column; high_accuracy_targets",0,author-reported; automated source review; source_checked
ucc-docking-cluspro-bm5-2020-result-enzyme-top30-difficult-medium-accuracy-targets,ucc-docking-cluspro-bm5-2020-source,"Table1 Enzyme, second (top30) row; difficult column; medium_accuracy_targets",2,author-reported; automated source review; source_checked
ucc-docking-cluspro-bm5-2020-result-unbound-antibody-top10-count,ucc-docking-cluspro-bm5-2020-source,"Table1 Unbound antibody, first (top10) row; Good models Number",12,author-reported; automated source review; source_checked
ucc-docking-cluspro-bm5-2020-result-unbound-antibody-top10-percent,ucc-docking-cluspro-bm5-2020-source,"Table1 Unbound antibody, first (top10) row; Good models %",46.15%,author-reported; automated source review; source_checked
ucc-docking-cluspro-bm5-2020-result-unbound-antibody-top10-easy-acceptable-or-better-targets,ucc-docking-cluspro-bm5-2020-source,"Table1 Unbound antibody, first (top10) row; easy column; acceptable_or_better_targets",11,author-reported; automated source review; source_checked
ucc-docking-cluspro-bm5-2020-result-unbound-antibody-top10-easy-high-accuracy-targets,ucc-docking-cluspro-bm5-2020-source,"Table1 Unbound antibody, first (top10) row; easy column; high_accuracy_targets",0,author-reported; automated source review; source_checked
ucc-docking-cluspro-bm5-2020-result-unbound-antibody-top10-easy-medium-accuracy-targets,ucc-docking-cluspro-bm5-2020-source,"Table1 Unbound antibody, first (top10) row; easy column; medium_accuracy_targets",6,author-reported; automated source review; source_checked
ucc-docking-cluspro-bm5-2020-result-unbound-antibody-top10-intermediate-acceptable-or-better-targets,ucc-docking-cluspro-bm5-2020-source,"Table1 Unbound antibody, first (top10) row; intermediate column; acceptable_or_better_targets",1,author-reported; automated source review; source_checked
ucc-docking-cluspro-bm5-2020-result-unbound-antibody-top10-intermediate-high-accuracy-targets,ucc-docking-cluspro-bm5-2020-source,"Table1 Unbound antibody, first (top10) row; intermediate column; high_accuracy_targets",0,author-reported; automated source review; source_checked
ucc-docking-cluspro-bm5-2020-result-unbound-antibody-top10-intermediate-medium-accuracy-targets,ucc-docking-cluspro-bm5-2020-source,"Table1 Unbound antibody, first (top10) row; intermediate column; medium_accuracy_targets",0,author-reported; automated source review; source_checked
ucc-docking-cluspro-bm5-2020-result-unbound-antibody-top10-difficult-acceptable-or-better-targets,ucc-docking-cluspro-bm5-2020-source,"Table1 Unbound antibody, first (top10) row; difficult column; acceptable_or_better_targets",0,author-reported; automated source review; source_checked
ucc-docking-cluspro-bm5-2020-result-unbound-antibody-top10-difficult-high-accuracy-targets,ucc-docking-cluspro-bm5-2020-source,"Table1 Unbound antibody, first (top10) row; difficult column; high_accuracy_targets",0,author-reported; automated source review; source_checked
ucc-docking-cluspro-bm5-2020-result-unbound-antibody-top10-difficult-medium-accuracy-targets,ucc-docking-cluspro-bm5-2020-source,"Table1 Unbound antibody, first (top10) row; difficult column; medium_accuracy_targets",0,author-reported; automated source review; source_checked
ucc-docking-cluspro-bm5-2020-result-unbound-antibody-top30-count,ucc-docking-cluspro-bm5-2020-source,"Table1 Unbound antibody, second (top30) row; Good models Number",14,author-reported; automated source review; source_checked
ucc-docking-cluspro-bm5-2020-result-unbound-antibody-top30-percent,ucc-docking-cluspro-bm5-2020-source,"Table1 Unbound antibody, second (top30) row; Good models %",53.85%,author-reported; automated source review; source_checked
ucc-docking-cluspro-bm5-2020-result-unbound-antibody-top30-easy-acceptable-or-better-targets,ucc-docking-cluspro-bm5-2020-source,"Table1 Unbound antibody, second (top30) row; easy column; acceptable_or_better_targets",12,author-reported; automated source review; source_checked
ucc-docking-cluspro-bm5-2020-result-unbound-antibody-top30-easy-high-accuracy-targets,ucc-docking-cluspro-bm5-2020-source,"Table1 Unbound antibody, second (top30) row; easy column; high_accuracy_targets",0,author-reported; automated source review; source_checked
ucc-docking-cluspro-bm5-2020-result-unbound-antibody-top30-easy-medium-accuracy-targets,ucc-docking-cluspro-bm5-2020-source,"Table1 Unbound antibody, second (top30) row; easy column; medium_accuracy_targets",6,author-reported; automated source review; source_checked
ucc-docking-cluspro-bm5-2020-result-unbound-antibody-top30-intermediate-acceptable-or-better-targets,ucc-docking-cluspro-bm5-2020-source,"Table1 Unbound antibody, second (top30) row; intermediate column; acceptable_or_better_targets",2,author-reported; automated source review; source_checked
ucc-docking-cluspro-bm5-2020-result-unbound-antibody-top30-intermediate-high-accuracy-targets,ucc-docking-cluspro-bm5-2020-source,"Table1 Unbound antibody, second (top30) row; intermediate column; high_accuracy_targets",0,author-reported; automated source review; source_checked
ucc-docking-cluspro-bm5-2020-result-unbound-antibody-top30-intermediate-medium-accuracy-targets,ucc-docking-cluspro-bm5-2020-source,"Table1 Unbound antibody, second (top30) row; intermediate column; medium_accuracy_targets",0,author-reported; automated source review; source_checked
ucc-docking-cluspro-bm5-2020-result-unbound-antibody-top30-difficult-acceptable-or-better-targets,ucc-docking-cluspro-bm5-2020-source,"Table1 Unbound antibody, second (top30) row; difficult column; acceptable_or_better_targets",0,author-reported; automated source review; source_checked
ucc-docking-cluspro-bm5-2020-result-unbound-antibody-top30-difficult-high-accuracy-targets,ucc-docking-cluspro-bm5-2020-source,"Table1 Unbound antibody, second (top30) row; difficult column; high_accuracy_targets",0,author-reported; automated source review; source_checked
ucc-docking-cluspro-bm5-2020-result-unbound-antibody-top30-difficult-medium-accuracy-targets,ucc-docking-cluspro-bm5-2020-source,"Table1 Unbound antibody, second (top30) row; difficult column; medium_accuracy_targets",0,author-reported; automated source review; source_checked
ucc-docking-cluspro-bm5-2020-result-bound-antibody-top10-count,ucc-docking-cluspro-bm5-2020-source,"Table1 Bound antibody, first (top10) row; Good models Number",7,author-reported; automated source review; source_checked
ucc-docking-cluspro-bm5-2020-result-bound-antibody-top10-percent,ucc-docking-cluspro-bm5-2020-source,"Table1 Bound antibody, first (top10) row; Good models %",58.33%,author-reported; automated source review; source_checked
ucc-docking-cluspro-bm5-2020-result-bound-antibody-top10-easy-acceptable-or-better-targets,ucc-docking-cluspro-bm5-2020-source,"Table1 Bound antibody, first (top10) row; easy column; acceptable_or_better_targets",7,author-reported; automated source review; source_checked
ucc-docking-cluspro-bm5-2020-result-bound-antibody-top10-easy-high-accuracy-targets,ucc-docking-cluspro-bm5-2020-source,"Table1 Bound antibody, first (top10) row; easy column; high_accuracy_targets",2,author-reported; automated source review; source_checked
ucc-docking-cluspro-bm5-2020-result-bound-antibody-top10-easy-medium-accuracy-targets,ucc-docking-cluspro-bm5-2020-source,"Table1 Bound antibody, first (top10) row; easy column; medium_accuracy_targets",4,author-reported; automated source review; source_checked
ucc-docking-cluspro-bm5-2020-result-bound-antibody-top10-intermediate-acceptable-or-better-targets,ucc-docking-cluspro-bm5-2020-source,"Table1 Bound antibody, first (top10) row; intermediate column; acceptable_or_better_targets",N/A,author-reported; automated source review; source_checked
ucc-docking-cluspro-bm5-2020-result-bound-antibody-top10-difficult-acceptable-or-better-targets,ucc-docking-cluspro-bm5-2020-source,"Table1 Bound antibody, first (top10) row; difficult column; acceptable_or_better_targets",0,author-reported; automated source review; source_checked
ucc-docking-cluspro-bm5-2020-result-bound-antibody-top10-difficult-high-accuracy-targets,ucc-docking-cluspro-bm5-2020-source,"Table1 Bound antibody, first (top10) row; difficult column; high_accuracy_targets",0,author-reported; automated source review; source_checked
ucc-docking-cluspro-bm5-2020-result-bound-antibody-top10-difficult-medium-accuracy-targets,ucc-docking-cluspro-bm5-2020-source,"Table1 Bound antibody, first (top10) row; difficult column; medium_accuracy_targets",0,author-reported; automated source review; source_checked
ucc-docking-cluspro-bm5-2020-result-bound-antibody-top30-count,ucc-docking-cluspro-bm5-2020-source,"Table1 Bound antibody, second (top30) row; Good models Number",10,author-reported; automated source review; source_checked
ucc-docking-cluspro-bm5-2020-result-bound-antibody-top30-percent,ucc-docking-cluspro-bm5-2020-source,"Table1 Bound antibody, second (top30) row; Good models %",83.33%,author-reported; automated source review; source_checked
ucc-docking-cluspro-bm5-2020-result-bound-antibody-top30-easy-acceptable-or-better-targets,ucc-docking-cluspro-bm5-2020-source,"Table1 Bound antibody, second (top30) row; easy column; acceptable_or_better_targets",10,author-reported; automated source review; source_checked
ucc-docking-cluspro-bm5-2020-result-bound-antibody-top30-easy-high-accuracy-targets,ucc-docking-cluspro-bm5-2020-source,"Table1 Bound antibody, second (top30) row; easy column; high_accuracy_targets",3,author-reported; automated source review; source_checked
ucc-docking-cluspro-bm5-2020-result-bound-antibody-top30-easy-medium-accuracy-targets,ucc-docking-cluspro-bm5-2020-source,"Table1 Bound antibody, second (top30) row; easy column; medium_accuracy_targets",6,author-reported; automated source review; source_checked
ucc-docking-cluspro-bm5-2020-result-bound-antibody-top30-intermediate-acceptable-or-better-targets,ucc-docking-cluspro-bm5-2020-source,"Table1 Bound antibody, second (top30) row; intermediate column; acceptable_or_better_targets",N/A,author-reported; automated source review; source_checked
ucc-docking-cluspro-bm5-2020-result-bound-antibody-top30-difficult-acceptable-or-better-targets,ucc-docking-cluspro-bm5-2020-source,"Table1 Bound antibody, second (top30) row; difficult column; acceptable_or_better_targets",0,author-reported; automated source review; source_checked
ucc-docking-cluspro-bm5-2020-result-bound-antibody-top30-difficult-high-accuracy-targets,ucc-docking-cluspro-bm5-2020-source,"Table1 Bound antibody, second (top30) row; difficult column; high_accuracy_targets",0,author-reported; automated source review; source_checked
ucc-docking-cluspro-bm5-2020-result-bound-antibody-top30-difficult-medium-accuracy-targets,ucc-docking-cluspro-bm5-2020-source,"Table1 Bound antibody, second (top30) row; difficult column; medium_accuracy_targets",0,author-reported; automated source review; source_checked
ucc-docking-cluspro-bm5-2020-result-others-top10-count,ucc-docking-cluspro-bm5-2020-source,"Table1 Others, first (top10) row; Good models Number",27,author-reported; automated source review; source_checked
ucc-docking-cluspro-bm5-2020-result-others-top10-percent,ucc-docking-cluspro-bm5-2020-source,"Table1 Others, first (top10) row; Good models %",26.73%,author-reported; automated source review; source_checked
ucc-docking-cluspro-bm5-2020-result-others-top10-easy-acceptable-or-better-targets,ucc-docking-cluspro-bm5-2020-source,"Table1 Others, first (top10) row; easy column; acceptable_or_better_targets",15,author-reported; automated source review; source_checked
ucc-docking-cluspro-bm5-2020-result-others-top10-easy-high-accuracy-targets,ucc-docking-cluspro-bm5-2020-source,"Table1 Others, first (top10) row; easy column; high_accuracy_targets",0,author-reported; automated source review; source_checked
ucc-docking-cluspro-bm5-2020-result-others-top10-easy-medium-accuracy-targets,ucc-docking-cluspro-bm5-2020-source,"Table1 Others, first (top10) row; easy column; medium_accuracy_targets",5,author-reported; automated source review; source_checked
ucc-docking-cluspro-bm5-2020-result-others-top10-intermediate-acceptable-or-better-targets,ucc-docking-cluspro-bm5-2020-source,"Table1 Others, first (top10) row; intermediate column; acceptable_or_better_targets",9,author-reported; automated source review; source_checked
ucc-docking-cluspro-bm5-2020-result-others-top10-intermediate-high-accuracy-targets,ucc-docking-cluspro-bm5-2020-source,"Table1 Others, first (top10) row; intermediate column; high_accuracy_targets",0,author-reported; automated source review; source_checked
ucc-docking-cluspro-bm5-2020-result-others-top10-intermediate-medium-accuracy-targets,ucc-docking-cluspro-bm5-2020-source,"Table1 Others, first (top10) row; intermediate column; medium_accuracy_targets",2,author-reported; automated source review; source_checked
ucc-docking-cluspro-bm5-2020-result-others-top10-difficult-acceptable-or-better-targets,ucc-docking-cluspro-bm5-2020-source,"Table1 Others, first (top10) row; difficult column; acceptable_or_better_targets",3,author-reported; automated source review; source_checked
ucc-docking-cluspro-bm5-2020-result-others-top10-difficult-high-accuracy-targets,ucc-docking-cluspro-bm5-2020-source,"Table1 Others, first (top10) row; difficult column; high_accuracy_targets",0,author-reported; automated source review; source_checked
ucc-docking-cluspro-bm5-2020-result-others-top10-difficult-medium-accuracy-targets,ucc-docking-cluspro-bm5-2020-source,"Table1 Others, first (top10) row; difficult column; medium_accuracy_targets",1,author-reported; automated source review; source_checked
ucc-docking-cluspro-bm5-2020-result-others-top30-count,ucc-docking-cluspro-bm5-2020-source,"Table1 Others, second (top30) row; Good models Number",36,author-reported; automated source review; source_checked
ucc-docking-cluspro-bm5-2020-result-others-top30-percent,ucc-docking-cluspro-bm5-2020-source,"Table1 Others, second (top30) row; Good models %",35.64%,author-reported; automated source review; source_checked
ucc-docking-cluspro-bm5-2020-result-others-top30-easy-acceptable-or-better-targets,ucc-docking-cluspro-bm5-2020-source,"Table1 Others, second (top30) row; easy column; acceptable_or_better_targets",22,author-reported; automated source review; source_checked
ucc-docking-cluspro-bm5-2020-result-others-top30-easy-high-accuracy-targets,ucc-docking-cluspro-bm5-2020-source,"Table1 Others, second (top30) row; easy column; high_accuracy_targets",0,author-reported; automated source review; source_checked
ucc-docking-cluspro-bm5-2020-result-others-top30-easy-medium-accuracy-targets,ucc-docking-cluspro-bm5-2020-source,"Table1 Others, second (top30) row; easy column; medium_accuracy_targets",5,author-reported; automated source review; source_checked
ucc-docking-cluspro-bm5-2020-result-others-top30-intermediate-acceptable-or-better-targets,ucc-docking-cluspro-bm5-2020-source,"Table1 Others, second (top30) row; intermediate column; acceptable_or_better_targets",9,author-reported; automated source review; source_checked
ucc-docking-cluspro-bm5-2020-result-others-top30-intermediate-high-accuracy-targets,ucc-docking-cluspro-bm5-2020-source,"Table1 Others, second (top30) row; intermediate column; high_accuracy_targets",0,author-reported; automated source review; source_checked
ucc-docking-cluspro-bm5-2020-result-others-top30-intermediate-medium-accuracy-targets,ucc-docking-cluspro-bm5-2020-source,"Table1 Others, second (top30) row; intermediate column; medium_accuracy_targets",2,author-reported; automated source review; source_checked
ucc-docking-cluspro-bm5-2020-result-others-top30-difficult-acceptable-or-better-targets,ucc-docking-cluspro-bm5-2020-source,"Table1 Others, second (top30) row; difficult column; acceptable_or_better_targets",5,author-reported; automated source review; source_checked
ucc-docking-cluspro-bm5-2020-result-others-top30-difficult-high-accuracy-targets,ucc-docking-cluspro-bm5-2020-source,"Table1 Others, second (top30) row; difficult column; high_accuracy_targets",0,author-reported; automated source review; source_checked
ucc-docking-cluspro-bm5-2020-result-others-top30-difficult-medium-accuracy-targets,ucc-docking-cluspro-bm5-2020-source,"Table1 Others, second (top30) row; difficult column; medium_accuracy_targets",1,author-reported; automated source review; source_checked
ucc-docking-cluspro-bm5-2020-result-total-top10-count,ucc-docking-cluspro-bm5-2020-source,"Table1 Total, first (top10) row; Good models Number",97,author-reported; automated source review; source_checked
ucc-docking-cluspro-bm5-2020-result-total-top10-percent,ucc-docking-cluspro-bm5-2020-source,"Table1 Total, first (top10) row; Good models %",42.73%,author-reported; automated source review; source_checked
ucc-docking-cluspro-bm5-2020-result-total-top10-easy-acceptable-or-better-targets,ucc-docking-cluspro-bm5-2020-source,"Table1 Total, first (top10) row; easy column; acceptable_or_better_targets",87,author-reported; automated source review; needs_review
ucc-docking-cluspro-bm5-2020-result-total-top10-easy-high-accuracy-targets,ucc-docking-cluspro-bm5-2020-source,"Table1 Total, first (top10) row; easy column; high_accuracy_targets",4,author-reported; automated source review; source_checked
ucc-docking-cluspro-bm5-2020-result-total-top10-easy-medium-accuracy-targets,ucc-docking-cluspro-bm5-2020-source,"Table1 Total, first (top10) row; easy column; medium_accuracy_targets",33,author-reported; automated source review; source_checked
ucc-docking-cluspro-bm5-2020-result-total-top10-intermediate-acceptable-or-better-targets,ucc-docking-cluspro-bm5-2020-source,"Table1 Total, first (top10) row; intermediate column; acceptable_or_better_targets",14,author-reported; automated source review; source_checked
ucc-docking-cluspro-bm5-2020-result-total-top10-intermediate-high-accuracy-targets,ucc-docking-cluspro-bm5-2020-source,"Table1 Total, first (top10) row; intermediate column; high_accuracy_targets",0,author-reported; automated source review; source_checked
ucc-docking-cluspro-bm5-2020-result-total-top10-intermediate-medium-accuracy-targets,ucc-docking-cluspro-bm5-2020-source,"Table1 Total, first (top10) row; intermediate column; medium_accuracy_targets",4,author-reported; automated source review; source_checked
ucc-docking-cluspro-bm5-2020-result-total-top10-difficult-acceptable-or-better-targets,ucc-docking-cluspro-bm5-2020-source,"Table1 Total, first (top10) row; difficult column; acceptable_or_better_targets",6,author-reported; automated source review; source_checked
ucc-docking-cluspro-bm5-2020-result-total-top10-difficult-high-accuracy-targets,ucc-docking-cluspro-bm5-2020-source,"Table1 Total, first (top10) row; difficult column; high_accuracy_targets",0,author-reported; automated source review; source_checked
ucc-docking-cluspro-bm5-2020-result-total-top10-difficult-medium-accuracy-targets,ucc-docking-cluspro-bm5-2020-source,"Table1 Total, first (top10) row; difficult column; medium_accuracy_targets",2,author-reported; automated source review; source_checked
ucc-docking-cluspro-bm5-2020-result-total-top30-count,ucc-docking-cluspro-bm5-2020-source,"Table1 Total, second (top30) row; Good models Number",119,author-reported; automated source review; source_checked
ucc-docking-cluspro-bm5-2020-result-total-top30-percent,ucc-docking-cluspro-bm5-2020-source,"Table1 Total, second (top30) row; Good models %",52.42%,author-reported; automated source review; source_checked
ucc-docking-cluspro-bm5-2020-result-total-top30-easy-acceptable-or-better-targets,ucc-docking-cluspro-bm5-2020-source,"Table1 Total, second (top30) row; easy column; acceptable_or_better_targets",94,author-reported; automated source review; source_checked
ucc-docking-cluspro-bm5-2020-result-total-top30-easy-high-accuracy-targets,ucc-docking-cluspro-bm5-2020-source,"Table1 Total, second (top30) row; easy column; high_accuracy_targets",5,author-reported; automated source review; source_checked
ucc-docking-cluspro-bm5-2020-result-total-top30-easy-medium-accuracy-targets,ucc-docking-cluspro-bm5-2020-source,"Table1 Total, second (top30) row; easy column; medium_accuracy_targets",38,author-reported; automated source review; source_checked
ucc-docking-cluspro-bm5-2020-result-total-top30-intermediate-acceptable-or-better-targets,ucc-docking-cluspro-bm5-2020-source,"Table1 Total, second (top30) row; intermediate column; acceptable_or_better_targets",16,author-reported; automated source review; source_checked
ucc-docking-cluspro-bm5-2020-result-total-top30-intermediate-high-accuracy-targets,ucc-docking-cluspro-bm5-2020-source,"Table1 Total, second (top30) row; intermediate column; high_accuracy_targets",0,author-reported; automated source review; source_checked
ucc-docking-cluspro-bm5-2020-result-total-top30-intermediate-medium-accuracy-targets,ucc-docking-cluspro-bm5-2020-source,"Table1 Total, second (top30) row; intermediate column; medium_accuracy_targets",4,author-reported; automated source review; source_checked
ucc-docking-cluspro-bm5-2020-result-total-top30-difficult-acceptable-or-better-targets,ucc-docking-cluspro-bm5-2020-source,"Table1 Total, second (top30) row; difficult column; acceptable_or_better_targets",9,author-reported; automated source review; source_checked
ucc-docking-cluspro-bm5-2020-result-total-top30-difficult-high-accuracy-targets,ucc-docking-cluspro-bm5-2020-source,"Table1 Total, second (top30) row; difficult column; high_accuracy_targets",0,author-reported; automated source review; source_checked
ucc-docking-cluspro-bm5-2020-result-total-top30-difficult-medium-accuracy-targets,ucc-docking-cluspro-bm5-2020-source,"Table1 Total, second (top30) row; difficult column; medium_accuracy_targets",3,author-reported; automated source review; source_checked
ucc-docking-cluspro-bm5-2020-result-total-easy-top10-percent,ucc-docking-cluspro-bm5-2020-source,"Table1 bottom % Good predictions, easy column, first/top10 row",51.68%,author-reported; automated source review; source_checked
ucc-docking-cluspro-bm5-2020-result-total-easy-top30-percent,ucc-docking-cluspro-bm5-2020-source,"Table1 bottom % Good predictions, easy column, second/top30 row",63.09%,author-reported; automated source review; source_checked
ucc-docking-cluspro-bm5-2020-result-total-intermediate-top10-percent,ucc-docking-cluspro-bm5-2020-source,"Table1 bottom % Good predictions, intermediate column, first/top10 row",31.82%,author-reported; automated source review; source_checked
ucc-docking-cluspro-bm5-2020-result-total-intermediate-top30-percent,ucc-docking-cluspro-bm5-2020-source,"Table1 bottom % Good predictions, intermediate column, second/top30 row",36.36%,author-reported; automated source review; source_checked
ucc-docking-cluspro-bm5-2020-result-total-difficult-top10-percent,ucc-docking-cluspro-bm5-2020-source,"Table1 bottom % Good predictions, difficult column, first/top10 row",17.65%,author-reported; automated source review; source_checked
ucc-docking-cluspro-bm5-2020-result-total-difficult-top30-percent,ucc-docking-cluspro-bm5-2020-source,"Table1 bottom % Good predictions, difficult column, second/top30 row",26.47%,author-reported; automated source review; source_checked
