id,source,location,revision_or_version,sha256,retrieved_or_checked_at,evidence_used,verification_status
R01,Prior ESM-2 8M AMFR run report,https://github.com/rewire-bio/rewire-benchmarks/blob/d4531f5981acdf59c7a8c8032c16a3b601009d63/research/local-runs-2026-09-20/proteingym-esm2/report.json,d4531f5981acdf59c7a8c8032c16a3b601009d63,6a14b3866141d5779c76da8071d85c73b7cce0dc4e101c93122706873e847d26,2026-09-25,"batch_size 32; threads 1; inference_and_fit_seconds 0.18779; predictions_sha256 7ab0c8901406d5c1ab759038c8beef235721938394cfdf192c46671e98e0bbca; coverage 2972/2972",Hash matches the run's SHA256SUMS; existing artifact read only
R02,Prior ESM-2 8M AMFR run README and audit,https://github.com/rewire-bio/rewire-benchmarks/blob/d4531f5981acdf59c7a8c8032c16a3b601009d63/research/local-runs-2026-09-20/proteingym-esm2/audit.json,d4531f5981acdf59c7a8c8032c16a3b601009d63,c0e9ba796883bf9a2918bc5490a62dce8cb06abed32ed9b7026bb0b34bfc6655,2026-09-25,"Complete-assay metrics; 820 singles and 2152 multiples; timing scope excludes loading, preparation and metrics",Hash matches the run's SHA256SUMS; README SHA256 5acb7b2769aae657d48d23c282319e7c69b8ed0424b3c02c875637df7f8dd9fb
R03,Prior seeded-random AMFR null,https://github.com/rewire-bio/rewire-benchmarks/blob/d4531f5981acdf59c7a8c8032c16a3b601009d63/research/proteingym-null-2026-09-21/README.md,d4531f5981acdf59c7a8c8032c16a3b601009d63,09d4fcfdc0a014b21d7cd5a9419d8990425ea655031f21ecb1ca4bf1a2c9b63e,2026-09-25,Seed 0; Spearman 0.008 on 2972 variants; same prepared cohort as R01,Existing artifact read only; verification.json SHA256 e27576294fcc8b01fab73745df1f46787ca2b5864c2c55685b48ee3619b47666
R04,Official ESM-2 8M checkpoint,https://dl.fbaipublicfiles.com/fair-esm/models/esm2_t6_8M_UR50D.pt,fair-esm 2.0.0,46f002a9870c9bdecd0ea887acb1f9a38a6b561e8f8bf8a6990b679b9d31b928,2026-09-25T09:34Z,30099493 bytes,Existing local copy rehashed; matches rewirebench pin; not redownloaded
R05,EVCouplings independent adapter,https://github.com/rewire-bio/rewire-benchmarks/blob/d4531f5981acdf59c7a8c8032c16a3b601009d63/packages/rewirebench/src/rewirebench/adapters/evcouplings_independent.py,d4531f5981acdf59c7a8c8032c16a3b601009d63,517a54d4e06dbb0eb7f4c1d3a4bbbb6371635ccc4141af1c201edbee81e1f2de,2026-09-25,Implementation identity of M2,Read from git object; tree identical to reviewed head 0e9c60e
R06,Conventional references documentation,https://github.com/rewire-bio/rewire-benchmarks/blob/d4531f5981acdf59c7a8c8032c16a3b601009d63/docs/conventional-references.md,d4531f5981acdf59c7a8c8032c16a3b601009d63,533d4ec565337de651be18d9a25acf60843abb9fb60ca2f801b7998299ee8797,2026-09-25,"M2 definition, preparation checks, coverage rules, parity evidence, AMFR limitation",Read
R07,ProteinGym DMS substitutions reference,https://raw.githubusercontent.com/OATML-Markslab/ProteinGym/144fe22b07dfaeec2b366f2346203a9838a55b4c/reference_files/DMS_substitutions.csv,144fe22b07dfaeec2b366f2346203a9838a55b4c,a8f498011532a74aa9fe556a50555a75e928c5837d19c06a87592ae04049b308,2026-09-25,"AMFR row: target_seq, counts, MSA_start 1, MSA_num_cov 41, MSA_N_eff 1245.9, raw_DMS_directionality 1; Tsuboyama rows for the confirmatory selection rule",Packaged copy in rewirebench; hash matches pin
R08,ProteinGym v1.3 AMFR assay CSV,https://marks.hms.harvard.edu/proteingym/ProteinGym_v1.3/DMS_ProteinGym_substitutions.zip,v1.3; archive SHA256 3a83766254ac9ac9984ec25cb73c6e010ea4418f5e35f143933e6b6e6473b921,dd911d925eca79329a496eb6cb7b181ab448e15db244daf1c1f9c01e8a704c2a,2026-09-25,Mutant column only: 820 singles at 47 positions; 2152 doubles over 7 site pairs,Local copy from 2026-09-20 retrieval rehashed and matches; observed download bytes; not publisher-authenticated; label columns not read
R09,ProteinGym v1.3 AMFR alignment,https://marks.hms.harvard.edu/proteingym/ProteinGym_v1.3/DMS_msa_files.zip member DMS_msa_files/AMFR_HUMAN_2023-08-07_b04.a2m,"v1.3; archive 1504361305 bytes, ETag 59aabb59-6329ff68e4faf, Last-Modified 2025-04-13",23fe63b7fe8826769b6bf4501945f6ed01a569bdb3a1f37a010bc72dddaba04c,2026-09-25T09:36:18Z,"1396972 bytes; 17787 sequences; query row lowercase at positions 1-5 and 47; 41 focus positions",Single member read by HTTP byte range; ZIP CRC-32 26f0b16e verified; no published checksum
R10,ProteinGym v1.3 AMFR sequence weights,https://marks.hms.harvard.edu/proteingym/ProteinGym_v1.3/DMS_msa_weights.zip member DMS_msa_weights/AMFR_HUMAN_theta0.2_2023-08-07_b04.npy,"v1.3; archive 45228459 bytes, ETag 2b221ab-6329ff692829b",5bead7a6c4252095a1b7d4994107b45ffd187d6c96dc7d234696a95a4d2cb746,2026-09-25T09:36:18Z,17781 float64 weights summing to 1245.9,Single member read by HTTP byte range; ZIP CRC-32 25a323ba verified; no published checksum
R11,ProteinGym EVmutation scoring script,https://github.com/OATML-Markslab/ProteinGym/blob/144fe22b07dfaeec2b366f2346203a9838a55b4c/proteingym/baselines/EVmutation/score_mutants.py,144fe22b07dfaeec2b366f2346203a9838a55b4c,9802fcd2e50ac0396a445b3c0bf9e4cfb865f1e57ae0c6382a12214ee0336050,2026-09-25,"Model path <folder>/AMFR_HUMAN/AMFR_HUMAN/couplings/AMFR_HUMAN.model; prediction_epistatic and prediction_independent from one model; offset -(MSA_start-1)",Read from pinned local checkout
R12,ProteinGym EVmutation calculations,https://github.com/OATML-Markslab/ProteinGym/blob/144fe22b07dfaeec2b366f2346203a9838a55b4c/proteingym/baselines/EVmutation/calculations.py,144fe22b07dfaeec2b366f2346203a9838a55b4c,07e2059186bdf2f673c46817c0a2c630658269008474b3c05f10585b8d246c6e,2026-09-25,predict_mutation_table calls delta_hamiltonian with no error handling,Read from pinned local checkout
R13,ProteinGym EVmutation shell wrapper,https://github.com/OATML-Markslab/ProteinGym/blob/144fe22b07dfaeec2b366f2346203a9838a55b4c/scripts/scoring_DMS_zero_shot/scoring_EVmutation_substitutions.sh,144fe22b07dfaeec2b366f2346203a9838a55b4c,d98655dc65d2eb198223386cafb20fddb003556bc8ca17f4e5d5af6e23a47c5b,2026-09-25,model_folder is a placeholder,Read from git object
R14,ProteinGym README,https://github.com/OATML-Markslab/ProteinGym/blob/144fe22b07dfaeec2b366f2346203a9838a55b4c/README.md,144fe22b07dfaeec2b366f2346203a9838a55b4c,321487a8de52c6cfa647a658f61150dd72e0acb0125470524fb94d1f8b23321a,2026-09-25,"Resource table lists alignments, weights and scores but no EVmutation models; Site Independent and EVmutation rows cite Hopf 2017",Read from git object
R15,EVCouplings CouplingsModel,https://github.com/debbiemarkslab/EVcouplings/blob/e1362407a0b65d63ca07df55f44cb17b0a3722b7/evcouplings/couplings/model.py,e1362407a0b65d63ca07df55f44cb17b0a3722b7,6422cfc7892cb5d076194354b05fe91fe40a49cee28548e62c4e211f32cfa050,2026-09-25,delta_hamiltonian and to_independent_model,Read from pinned local checkout; commit date 2023-05-10 confirmed by GitHub API
R16,EVCouplings monomer sample configuration,https://github.com/debbiemarkslab/EVcouplings/blob/e1362407a0b65d63ca07df55f44cb17b0a3722b7/config/sample_config_monomer.txt,e1362407a0b65d63ca07df55f44cb17b0a3722b7,868ffc8320daa12cd154d80d54a610a9270db1e7810af6b3162158eae59e4053,2026-09-25,"Couplings defaults: iterations 100, ignore_gaps True, lambda_J 0.01, lambda_J_times_Lq True, lambda_h 0.01",Read from pinned local checkout
R17,plmc README,https://github.com/debbiemarkslab/plmc/blob/18c9e55e3bd2f14f4968be19a807b401996c929a/README.md,18c9e55e3bd2f14f4968be19a807b401996c929a,357eccfb65cdefbb2fe5703b664b8fc619c2c55203359ec17b197881b37b18b9,2026-09-25T09:35Z,Option list; focus mode discards columns lowercase in the focus sequence; default alphabet; build targets; coupling-score file holds APC-corrected Frobenius norms,Fetched at pinned commit (latest commit 2023-01-21 per GitHub API)
R18,Original EVmutation downloads page,https://marks.hms.harvard.edu/evmutation/downloads.html,unversioned web page,175e72602f056a06321e892aa01d48e69c4c43da7fd7540331dede27444386e9,2026-09-25T09:32:37Z,"Offers alignments, mutation-effect predictions and code links; no parameter files",Fetched page bytes; content can change
R19,Original EVmutation human proteins page,https://marks.hms.harvard.edu/evmutation/human_proteins.html,unversioned web page,7b8b284cc8ee47ac34e1cfc991d6136bd5b72668c8b7bb17fa3c4eb0eb8daa71,2026-09-25T09:32:38Z,Predictions and coupling summaries; no parameter files,Fetched page bytes; content can change
R20,Tsuboyama 2023 data record,https://doi.org/10.5281/zenodo.7992926,v2_230420 (published 2023-04-21),d585a270ec0672625817806f9e5372aa3b1dcef5777ba9f30e1e517c1079c92a,2026-09-25T09:32:38Z,"CC BY 4.0; file list and MD5s; request to register use",Zenodo API metadata only; no data files downloaded
R21,ESM README,https://github.com/facebookresearch/esm/blob/2b369911bb5b4b0dda914521b9475cad1656b2ac/README.md,2b369911bb5b4b0dda914521b9475cad1656b2ac,8b273c21a322fc9473d1b68d0dd40c8166ab2f89e4a190aa26ca87251b97cba9,2026-09-25T09:32:39Z,ESM-2 models trained on UR50/D 2021_04; public holdout lists cover UniRef 2018_03 only,Fetched from main when main was 2b369911 (GitHub API)
R22,Hopf et al. 2017 Nature Biotechnology 35:128-135,https://doi.org/10.1038/nbt.3769 (read at https://pmc.ncbi.nlm.nih.gov/articles/PMC5383098/),published article,,2026-09-25,"Epistatic delta E; independent model with fields only; lambda_h 0.01; columns with more than 30% gaps excluded; theta 0.2",Web text read; no hash recorded
R23,Tsuboyama et al. 2023 Nature 620:434-444,https://doi.org/10.1038/s41586-023-06328-6 (read at https://pmc.ncbi.nlm.nih.gov/articles/PMC10412457/),published article,,2026-09-25,"cDNA display proteolysis; dynamic range about 5 kcal/mol; 40-72 residue domains; double-mutant site pairs chosen deliberately",Web text read; no hash recorded
R24,Notin et al. 2023 ProteinGym,https://doi.org/10.1101/2023.12.07.570727 (read at https://pmc.ncbi.nlm.nih.gov/articles/PMC10723403/),preprint,,2026-09-25,Some checkpoints on the ProteinGym server; handling of positions outside alignment focus not stated,Web text read; no hash recorded
R25,ESM-2 adapter,https://github.com/rewire-bio/rewire-benchmarks/blob/d4531f5981acdf59c7a8c8032c16a3b601009d63/packages/rewirebench/src/rewirebench/adapters/esm.py,d4531f5981acdf59c7a8c8032c16a3b601009d63,4ff38cfbb91d718b52a44da53aa5594fe73d9d1d4d0ce43724807597c3929889,2026-09-25,Implementation identity of M1; equals implementation_sha256 in R01,Read from git object
R26,rewire-benchmarks lock file,https://github.com/rewire-bio/rewire-benchmarks/blob/d4531f5981acdf59c7a8c8032c16a3b601009d63/uv.lock,d4531f5981acdf59c7a8c8032c16a3b601009d63,3f2ec7f464119ec2478ad15aac302f1ba1e16f77725e7d30ffb2af68bf5f4296,2026-09-25,Execution environment pin; package version string 0.5.0 at this commit,Read from git object
R27,ProteinGym v1.3 zero-shot scores archive,https://marks.hms.harvard.edu/proteingym/ProteinGym_v1.3/zero_shot_substitutions_scores.zip,"v1.3; 1911045703 bytes, ETag 71e83e47-633cd6a03f0f6",,2026-09-25T09:35Z,Existence and size only,HTTP HEAD only; not downloaded or used
R28,rewire-database issue 40 and roadmap issue 27,https://github.com/rewire-bio/rewire-database/issues/40,live issue,,2026-09-25,Checklist and scope limits,Read with gh
R29,EVCouplings couplings protocol,https://github.com/debbiemarkslab/EVcouplings/blob/e1362407a0b65d63ca07df55f44cb17b0a3722b7/evcouplings/couplings/protocol.py,e1362407a0b65d63ca07df55f44cb17b0a3722b7,f75d2447127f95fb443c01199e9503484c86af84451bde19a5d1fe54e494a520,2026-09-25,"lambda_J scaled by (num_symbols - 1)(L - 1), num_symbols reduced by one when gaps are ignored, L = uppercase positions of the first sequence",Read from pinned local checkout
R30,plmc inference source,https://github.com/debbiemarkslab/plmc/blob/18c9e55e3bd2f14f4968be19a807b401996c929a/src/inference.c,18c9e55e3bd2f14f4968be19a807b401996c929a,01bde6f9c2d4cf15d7c23c6bf3b1f12698de9397a69fc97cddc6f8054c424cd7,2026-09-25T09:45Z,"L-BFGS epsilon 1e-3; max_iterations from -m (0 unbounded); termination printed as 'Gradient optimization: <status>'; status strings including Minimization success and MAXIMUMITERATION",Fetched at pinned commit; read only
R31,plmc alignment and output source,https://github.com/debbiemarkslab/plmc/blob/18c9e55e3bd2f14f4968be19a807b401996c929a/src/plm.c,18c9e55e3bd2f14f4968be19a807b401996c929a,357a26e9068e741f6fbb29fcf1b1074307ce3ab039255778045cbc11a22313f2,2026-09-25T09:45Z,"Rows with out-of-alphabet characters discarded and counted; focus lowercase-column removal only with the built-in alphabet; weighted marginals computed before optimisation; OUTPUT_PRECISION float; header stores requested maxIter",Fetched at pinned commit; read only
R32,plmc command-line source,https://github.com/debbiemarkslab/plmc/blob/18c9e55e3bd2f14f4968be19a807b401996c929a/src/main.c,18c9e55e3bd2f14f4968be19a807b401996c929a,2c0acbcaee810a1192b88e6ece3c47221d0b222118a27659c2a2dc47fe693a74,2026-09-25,"Option parsing for -a, -f, -g, -m, -t, -n",Fetched at pinned commit; read only
R33,plmc makefile,https://github.com/debbiemarkslab/plmc/blob/18c9e55e3bd2f14f4968be19a807b401996c929a/makefile,18c9e55e3bd2f14f4968be19a807b401996c929a,61813c00aee726bd579a076b34afd631b30b4ad1922a95ce55d045692cef92cd,2026-09-25,"all-mac: clang -Ofast -msse4.2, double precision, no OpenMP; *32 targets add -D USE_FLOAT",Fetched at pinned commit; read only; build not attempted
R34,EVCouplings plmc wrapper,https://github.com/debbiemarkslab/EVcouplings/blob/e1362407a0b65d63ca07df55f44cb17b0a3722b7/evcouplings/couplings/tools.py,e1362407a0b65d63ca07df55f44cb17b0a3722b7,c783929f678b0017f4f2890192a78bd6978804e43b855c6c6777e1e7bb717794,2026-09-25,"run_plmc: -f with region suffix removed, -g, -m, -a only if configured, -t as 1 - theta, -lh, -le",Read from pinned local checkout
