record_id,field,before,after,status,decision,source_ids,source_urls,source_locator,method,independent_reproduction
rewire-proteingym-v1-3-dms-substitutions,profile.facts.Version and reference,,ProteinGym v1.3 substitutions; upstream revision 144fe22b07dfaeec2b366f2346203a9838a55b4c; reference CSV SHA-256 a8f498011532a74aa9fe556a50555a75e928c5837d19c06a87592ae04049b308. The runner recipe is pinned separately to f80cef7f818bec33e51b7f43ad499eb5078c8d87; this does not assert that v1.3 is the latest release.,source_checked,add_sourced_explanation,"[""runner-recipe-docs-proteingym-md-f80cef7f"", ""runner-recipe-packages-rewirebench-src-rewirebench-protocols-proteingym-py-f80cef7f""]","[""https://raw.githubusercontent.com/rewire-bio/rewire-benchmarks/f80cef7f818bec33e51b7f43ad499eb5078c8d87/docs/proteingym.md"", ""https://raw.githubusercontent.com/rewire-bio/rewire-benchmarks/f80cef7f818bec33e51b7f43ad499eb5078c8d87/packages/rewirebench/src/rewirebench/protocols/proteingym.py""]",docs/proteingym.md lines 7–11; protocols/proteingym.py lines 21–24; source records: version and artifact_sha256,automated_source_review,False
rewire-proteingym-v1-3-dms-substitutions,profile.facts.Datasets,,"The pinned reference contains 217 assays and 2,465,767 assay–variant records, including multiple substitutions. These are reference counts, not a claim that this review obtained or verified every assay file.",source_checked,add_sourced_explanation,"[""profile-protocol-proteingym-reference-files-dms-substitutions-csv-a8f49801""]","[""https://raw.githubusercontent.com/OATML-Markslab/ProteinGym/144fe22b07dfaeec2b366f2346203a9838a55b4c/reference_files/DMS_substitutions.csv""]",DMS_substitutions.csv: 217 data rows; sum of DMS_total_number_mutants; includes_multiple_mutants,automated_source_review,False
rewire-proteingym-v1-3-dms-substitutions,profile.facts.Inputs and labels,,"Inputs contain assay ID, wild-type sequence, mutated sequence and substitution notation. Predictions use globally unique <DMS_id>::<mutant> IDs. Higher scores mean better function; official DMS_score and DMS_score_bin labels remain with the evaluator.",source_checked,add_sourced_explanation,"[""runner-recipe-docs-proteingym-md-f80cef7f"", ""runner-recipe-packages-rewirebench-src-rewirebench-protocols-proteingym-py-f80cef7f""]","[""https://raw.githubusercontent.com/rewire-bio/rewire-benchmarks/f80cef7f818bec33e51b7f43ad499eb5078c8d87/docs/proteingym.md"", ""https://raw.githubusercontent.com/rewire-bio/rewire-benchmarks/f80cef7f818bec33e51b7f43ad499eb5078c8d87/packages/rewirebench/src/rewirebench/protocols/proteingym.py""]","docs/proteingym.md lines 3, 25–33; protocols/proteingym.py lines 126–153",automated_source_review,False
rewire-proteingym-v1-3-dms-substitutions,profile.facts.Splits,,This zero-shot track has no assay-label fitting or cross-validation training split. An adapter exposing fit is rejected. This restriction does not establish that pretraining data exclude benchmark proteins.,source_checked,add_sourced_explanation,"[""runner-recipe-docs-proteingym-md-f80cef7f""]","[""https://raw.githubusercontent.com/rewire-bio/rewire-benchmarks/f80cef7f818bec33e51b7f43ad499eb5078c8d87/docs/proteingym.md""]",docs/proteingym.md line 33,automated_source_review,False
rewire-proteingym-v1-3-dms-substitutions,profile.facts.Metrics,,"Per-assay Spearman rank correlation, ROC AUC, MCC, NDCG and top-10% recall. MCC thresholds predictions at the assay median; NDCG uses the pinned top-floor(n×0.1) implementation; top recall uses inclusive 90th-percentile thresholds, which can retain more than 10% with ties. Non-finite outputs become null, and the runner omits null values from subsequent means.",source_checked,add_sourced_explanation,"[""runner-recipe-packages-rewirebench-src-rewirebench-protocols-proteingym-py-f80cef7f"", ""profile-protocol-proteingym-proteingym-performance-dms-benchmarks-py-0002bc1b""]","[""https://raw.githubusercontent.com/rewire-bio/rewire-benchmarks/f80cef7f818bec33e51b7f43ad499eb5078c8d87/packages/rewirebench/src/rewirebench/protocols/proteingym.py"", ""https://raw.githubusercontent.com/OATML-Markslab/ProteinGym/144fe22b07dfaeec2b366f2346203a9838a55b4c/proteingym/performance_DMS_benchmarks.py""]","protocols/proteingym.py lines 157–189; performance_DMS_benchmarks.py lines 14–78, 212–226",automated_source_review,False
rewire-proteingym-v1-3-dms-substitutions,profile.facts.Aggregation,,Round assay metrics to three decimals; average assays within each UniProt ID and selection type; average proteins within each selection type; average selection types equally and round the final runner summary to three decimals. This is not an assay-weighted or variant-weighted mean.,source_checked,add_sourced_explanation,"[""runner-recipe-packages-rewirebench-src-rewirebench-protocols-proteingym-py-f80cef7f"", ""profile-protocol-proteingym-proteingym-performance-dms-benchmarks-py-0002bc1b""]","[""https://raw.githubusercontent.com/rewire-bio/rewire-benchmarks/f80cef7f818bec33e51b7f43ad499eb5078c8d87/packages/rewirebench/src/rewirebench/protocols/proteingym.py"", ""https://raw.githubusercontent.com/OATML-Markslab/ProteinGym/144fe22b07dfaeec2b366f2346203a9838a55b4c/proteingym/performance_DMS_benchmarks.py""]","protocols/proteingym.py lines 183–189, 221–239; performance_DMS_benchmarks.py lines 269–315",automated_source_review,False
rewire-proteingym-v1-3-dms-substitutions,profile.facts.Coverage,,"Only a full-scope, fully scored 217-assay track exposes aggregate metrics. A selected assay is subset scope, and any limit is smoke scope. Incomplete assay metrics retain the original assay denominator and are excluded from category aggregation.",source_checked,add_sourced_explanation,"[""runner-recipe-docs-proteingym-md-f80cef7f"", ""runner-recipe-packages-rewirebench-src-rewirebench-protocols-proteingym-py-f80cef7f""]","[""https://raw.githubusercontent.com/rewire-bio/rewire-benchmarks/f80cef7f818bec33e51b7f43ad499eb5078c8d87/docs/proteingym.md"", ""https://raw.githubusercontent.com/rewire-bio/rewire-benchmarks/f80cef7f818bec33e51b7f43ad499eb5078c8d87/packages/rewirebench/src/rewirebench/protocols/proteingym.py""]","docs/proteingym.md line 31; protocols/proteingym.py lines 104–108, 141, 208–249",automated_source_review,False
rewire-proteingym-v1-3-dms-substitutions,profile.facts.Uncertainty,,"The runner estimates no uncertainty interval. Upstream zero-shot bootstrap standard errors concern differences from the best aggregate model, resampling within selection categories for 10,000 repetitions by default; they are not absolute model confidence intervals or variation across inference seeds.",source_checked,add_sourced_explanation,"[""runner-recipe-packages-rewirebench-src-rewirebench-protocols-proteingym-py-f80cef7f"", ""profile-protocol-proteingym-proteingym-performance-dms-benchmarks-py-0002bc1b""]","[""https://raw.githubusercontent.com/rewire-bio/rewire-benchmarks/f80cef7f818bec33e51b7f43ad499eb5078c8d87/packages/rewirebench/src/rewirebench/protocols/proteingym.py"", ""https://raw.githubusercontent.com/OATML-Markslab/ProteinGym/144fe22b07dfaeec2b366f2346203a9838a55b4c/proteingym/performance_DMS_benchmarks.py""]","protocols/proteingym.py line 246; performance_DMS_benchmarks.py lines 95–111, 310–315",automated_source_review,False
rewire-proteingym-v1-3-dms-substitutions,profile.facts.Data verification,,The reference CSV is checked against its pinned SHA-256. Observed local assay hashes and optional expected_hashes detect byte changes but are explicitly not independently verified official archive checksums.,source_checked,add_sourced_explanation,"[""runner-recipe-docs-proteingym-md-f80cef7f"", ""runner-recipe-packages-rewirebench-src-rewirebench-protocols-proteingym-py-f80cef7f""]","[""https://raw.githubusercontent.com/rewire-bio/rewire-benchmarks/f80cef7f818bec33e51b7f43ad499eb5078c8d87/docs/proteingym.md"", ""https://raw.githubusercontent.com/rewire-bio/rewire-benchmarks/f80cef7f818bec33e51b7f43ad499eb5078c8d87/packages/rewirebench/src/rewirebench/protocols/proteingym.py""]","docs/proteingym.md line 11; protocols/proteingym.py lines 69–71, 95–98, 145–148",automated_source_review,False
rewire-proteingym-v1-3-dms-substitutions,profile.facts.Checkpoint identity,,The protocol accepts supplied predictions or a compatible model adapter and therefore defines no universal checkpoint. Its ESM-2 example is a separate configuration; it does not identify weights for historical ProteinGym result rows.,inapplicable,retain_bounded_unknown_or_inapplicable,"[""runner-recipe-docs-proteingym-md-f80cef7f""]","[""https://raw.githubusercontent.com/rewire-bio/rewire-benchmarks/f80cef7f818bec33e51b7f43ad499eb5078c8d87/docs/proteingym.md""]","docs/proteingym.md lines 3, 25–33, 35–53",automated_source_review,False
rewire-proteingym-v1-3-dms-substitutions,profile.facts.Reuse conditions,,The upstream software MIT notice does not establish permission for every assay dataset. Underlying study conditions and checkpoint terms must be checked separately; weights are not redistributed by the runner.,source_checked,add_sourced_explanation,"[""runner-recipe-docs-proteingym-md-f80cef7f""]","[""https://raw.githubusercontent.com/rewire-bio/rewire-benchmarks/f80cef7f818bec33e51b7f43ad499eb5078c8d87/docs/proteingym.md""]",docs/proteingym.md lines 7–9,automated_source_review,False
rewire-protocol-proteingym-amfr-v13,profile.facts.Assay and dataset,,"AMFR_HUMAN_Tsuboyama_2023_4G3O in ProteinGym v1.3 DMS substitutions: human AMFR, 47 residues, Stability selection category, cDNA-display proteolysis; 820 single plus 2,152 multiple substitutions.",source_checked,add_sourced_explanation,"[""profile-protocol-proteingym-reference-files-dms-substitutions-csv-a8f49801""]","[""https://raw.githubusercontent.com/OATML-Markslab/ProteinGym/144fe22b07dfaeec2b366f2346203a9838a55b4c/reference_files/DMS_substitutions.csv""]","DMS_substitutions.csv: AMFR row, taxon, seq_len, selection_assay, selection_type, DMS_number_single_mutants, DMS_number_multiple_mutants",automated_source_review,False
rewire-protocol-proteingym-amfr-v13,profile.facts.Version and reference,,Report preserved at runner commit ca73fa47136d182f2d4ddb083d084712198fc0e2. Report provenance pins upstream revision 144fe22b07dfaeec2b366f2346203a9838a55b4c and reference SHA-256 a8f498011532a74aa9fe556a50555a75e928c5837d19c06a87592ae04049b308.,source_checked,add_sourced_explanation,"[""rewire-local-20260920-source-proteingym-esm2""]","[""https://raw.githubusercontent.com/rewire-bio/rewire-benchmarks/ca73fa47136d182f2d4ddb083d084712198fc0e2/research/local-runs-2026-09-20/proteingym-esm2/report.json""]","source record: version, artifact_sha256; report.json: /provenance/upstream_revision, /provenance/reference_sha256",automated_source_review,False
rewire-protocol-proteingym-amfr-v13,profile.facts.Checkpoint and scoring,,"The report names esm2_t6_8M_UR50D and checkpoint SHA-256 46f002a9870c9bdecd0ea887acb1f9a38a6b561e8f8bf8a6990b679b9d31b928, with wild-type-context masked marginals summed over substitutions. This is reported provenance, not a newly verified weight download or a checkpoint assignment to other result rows.",source_checked,add_sourced_explanation,"[""rewire-local-20260920-source-proteingym-esm2""]","[""https://raw.githubusercontent.com/rewire-bio/rewire-benchmarks/ca73fa47136d182f2d4ddb083d084712198fc0e2/research/local-runs-2026-09-20/proteingym-esm2/report.json""]","report.json: /execution/adapter_provenance/model, /checkpoint_sha256, /strategy (all under /execution/adapter_provenance)",automated_source_review,False
rewire-protocol-proteingym-amfr-v13,profile.facts.Inputs and fitting,,"Wild-type protein sequence and amino-acid substitutions; no MSA, structure or assay labels in adapter inputs. The execution reports fitting=none. Official DMS_score_bin labels and higher-is-better target orientation are retained by the evaluator.",source_checked,add_sourced_explanation,"[""rewire-local-20260920-source-proteingym-esm2"", ""rewire-local-20260920-instructions-proteingym""]","[""https://raw.githubusercontent.com/rewire-bio/rewire-benchmarks/ca73fa47136d182f2d4ddb083d084712198fc0e2/research/local-runs-2026-09-20/proteingym-esm2/report.json"", ""https://raw.githubusercontent.com/rewire-bio/rewire-benchmarks/ca73fa47136d182f2d4ddb083d084712198fc0e2/research/local-runs-2026-09-20/proteingym-esm2/README.md""]","report.json: /input_information, /execution/fitting, /protocol_configuration/binary_labels, /protocol_configuration/score_direction; local README.md: Data and method",automated_source_review,False
rewire-protocol-proteingym-amfr-v13,profile.facts.Splits,,All variants of this selected assay are evaluated with no new supervised train/test split or assay-label fitting. Selection before observing scores is reported in the local documentation; this review did not independently verify that chronology.,source_checked,add_sourced_explanation,"[""rewire-local-20260920-instructions-proteingym"", ""rewire-local-20260920-source-proteingym-esm2""]","[""https://raw.githubusercontent.com/rewire-bio/rewire-benchmarks/ca73fa47136d182f2d4ddb083d084712198fc0e2/research/local-runs-2026-09-20/proteingym-esm2/README.md"", ""https://raw.githubusercontent.com/rewire-bio/rewire-benchmarks/ca73fa47136d182f2d4ddb083d084712198fc0e2/research/local-runs-2026-09-20/proteingym-esm2/report.json""]",local README.md: opening paragraph and Data and method; report.json: /execution/fitting,automated_source_review,False
rewire-protocol-proteingym-amfr-v13,profile.facts.Coverage,,"2,972/2,972 selected variants scored, zero unscored; one complete assay out of 217. Report scope=subset, completion=partial and protocol status=partial_track. Both top-level and protocol suite metrics are empty.",source_checked,add_sourced_explanation,"[""rewire-local-20260920-source-proteingym-esm2""]","[""https://raw.githubusercontent.com/rewire-bio/rewire-benchmarks/ca73fa47136d182f2d4ddb083d084712198fc0e2/research/local-runs-2026-09-20/proteingym-esm2/report.json""]","report.json: /coverage, /scope, /completion, /metrics, /protocol_results/metrics, /protocol_results/complete_assays, /protocol_results/total_assays",automated_source_review,False
rewire-protocol-proteingym-amfr-v13,profile.facts.Metrics,,"The preserved per-assay report contains Spearman, AUC, MCC, NDCG and Top_recall, rounded to three decimals. Higher is better; the reported negative correlation is retained. The local documentation reports agreement with upstream formulas; this review neither recomputed nor changed these result values.",source_checked,add_sourced_explanation,"[""rewire-local-20260920-source-proteingym-esm2"", ""rewire-local-20260920-instructions-proteingym"", ""protocol-evidence-proteingym-code-ca73fa47""]","[""https://raw.githubusercontent.com/rewire-bio/rewire-benchmarks/ca73fa47136d182f2d4ddb083d084712198fc0e2/research/local-runs-2026-09-20/proteingym-esm2/report.json"", ""https://raw.githubusercontent.com/rewire-bio/rewire-benchmarks/ca73fa47136d182f2d4ddb083d084712198fc0e2/research/local-runs-2026-09-20/proteingym-esm2/README.md"", ""https://raw.githubusercontent.com/rewire-bio/rewire-benchmarks/ca73fa47136d182f2d4ddb083d084712198fc0e2/packages/rewirebench/src/rewirebench/protocols/proteingym.py""]",report.json: /protocol_results/per_assay/AMFR_HUMAN_Tsuboyama_2023_4G3O/metrics; local README.md: metric table and Execution and verification; pinned protocols/proteingym.py lines 157–184,automated_source_review,False
rewire-protocol-proteingym-amfr-v13,profile.facts.Aggregation,,"The report records assay rounding followed by UniProt/selection-type and equal-category means. Its AMFR and Stability summaries contain only this selected assay, so they are not full-track estimates or independent observations.",source_checked,add_sourced_explanation,"[""rewire-local-20260920-source-proteingym-esm2"", ""protocol-evidence-proteingym-code-ca73fa47""]","[""https://raw.githubusercontent.com/rewire-bio/rewire-benchmarks/ca73fa47136d182f2d4ddb083d084712198fc0e2/research/local-runs-2026-09-20/proteingym-esm2/report.json"", ""https://raw.githubusercontent.com/rewire-bio/rewire-benchmarks/ca73fa47136d182f2d4ddb083d084712198fc0e2/packages/rewirebench/src/rewirebench/protocols/proteingym.py""]","report.json: /protocol_configuration/aggregation, /protocol_results/by_protein_selection_type, /protocol_results/by_selection_type, /protocol_results/metrics; protocols/proteingym.py lines 221–249",automated_source_review,False
rewire-protocol-proteingym-amfr-v13,profile.facts.Uncertainty,,No uncertainty interval was estimated in this report. Upstream cross-model bootstrap differences are not an absolute confidence interval for this assay; no seed-variability estimate is supplied.,source_checked,add_sourced_explanation,"[""rewire-local-20260920-source-proteingym-esm2""]","[""https://raw.githubusercontent.com/rewire-bio/rewire-benchmarks/ca73fa47136d182f2d4ddb083d084712198fc0e2/research/local-runs-2026-09-20/proteingym-esm2/report.json""]","report.json: /protocol_results/uncertainty, /model_configuration/seed",automated_source_review,False
rewire-protocol-proteingym-amfr-v13,profile.facts.Data verification,,"The report records local AMFR CSV SHA-256 dd911d925eca79329a496eb6cb7b181ab448e15db244daf1c1f9c01e8a704c2a and a successful expected-hash check, while explicitly retaining local_bytes_hashed_not_independently_source_verified. Matching those bytes does not independently authenticate the official archive.",source_checked,add_sourced_explanation,"[""rewire-local-20260920-source-proteingym-esm2""]","[""https://raw.githubusercontent.com/rewire-bio/rewire-benchmarks/ca73fa47136d182f2d4ddb083d084712198fc0e2/research/local-runs-2026-09-20/proteingym-esm2/report.json""]","report.json: /provenance/assay_sha256/AMFR_HUMAN_Tsuboyama_2023_4G3O, /provenance/expected_hashes_checked, /provenance/data_verification",automated_source_review,False
rewire-protocol-proteingym-amfr-v13,profile.facts.Execution environment,,"The report records rewirebench 0.4.0, Python 3.11.13, fair-esm 2.0.0, macOS arm64, CPU, seed 0 and one thread. Container digest/runtime and SIF SHA-256 are unreported. No accelerator or container execution is established.",source_checked,add_sourced_explanation,"[""rewire-local-20260920-source-proteingym-esm2""]","[""https://raw.githubusercontent.com/rewire-bio/rewire-benchmarks/ca73fa47136d182f2d4ddb083d084712198fc0e2/research/local-runs-2026-09-20/proteingym-esm2/report.json""]","report.json: /environment, /execution/adapter_provenance, /model_configuration",automated_source_review,False
rewire-protocol-proteingym-amfr-v13,profile.facts.Training overlap,,The report explicitly leaves training overlap unreported and notes that UniRef50 pretraining may overlap benchmark proteins. This review does not establish absence or extent of overlap.,unreported,retain_bounded_unknown_or_inapplicable,"[""rewire-local-20260920-source-proteingym-esm2""]","[""https://raw.githubusercontent.com/rewire-bio/rewire-benchmarks/ca73fa47136d182f2d4ddb083d084712198fc0e2/research/local-runs-2026-09-20/proteingym-esm2/report.json""]","report.json: /model/training_overlap, /execution/adapter_provenance/training_overlap",automated_source_review,False
rewire-protocol-proteingym-amfr-v13,profile.facts.Reproduction status,,The report states independently_reproduced=false and published_result_reproduction=false. Source review and the original local formula checks do not establish independent reproduction of a published model result or named human scientific review.,source_checked,add_sourced_explanation,"[""rewire-local-20260920-source-proteingym-esm2"", ""rewire-local-20260920-instructions-proteingym""]","[""https://raw.githubusercontent.com/rewire-bio/rewire-benchmarks/ca73fa47136d182f2d4ddb083d084712198fc0e2/research/local-runs-2026-09-20/proteingym-esm2/report.json"", ""https://raw.githubusercontent.com/rewire-bio/rewire-benchmarks/ca73fa47136d182f2d4ddb083d084712198fc0e2/research/local-runs-2026-09-20/proteingym-esm2/README.md""]","report.json: /independently_reproduced, /execution/adapter_provenance/published_result_reproduction, /review_status; local README.md: Execution and verification",automated_source_review,False
