result_id,evaluation_id,metric,printed_value,unit,source_id,source_locator,review_method
uc-clinical-20260930-talos-acg-trio-default-diagnoses,uc-clinical-20260930-talos-acg-trio-default-evaluation,recovered_known_diagnoses,177,count,uc-clinical-20260930-source-talos-table1,"Table 1, ACG trio, default, Diagnoses",automated_source_review
uc-clinical-20260930-talos-acg-trio-default-recovery,uc-clinical-20260930-talos-acg-trio-default-evaluation,known_diagnosis_recovery,90%,percent,uc-clinical-20260930-source-talos-table1,"Table 1, ACG trio, default, Diagnoses (%)",automated_source_review
uc-clinical-20260930-talos-acg-trio-default-candidate-variants,uc-clinical-20260930-talos-acg-trio-default-evaluation,candidate_variants,487,count,uc-clinical-20260930-source-talos-table1,"Table 1, ACG trio, default, Candidate variants",automated_source_review
uc-clinical-20260930-talos-acg-trio-default-candidates-per-proband,uc-clinical-20260930-talos-acg-trio-default-evaluation,candidates_per_proband,1.3,variants per proband,uc-clinical-20260930-source-talos-table1,"Table 1, ACG trio, default, Candidates per proband",automated_source_review
uc-clinical-20260930-talos-acg-trio-default-candidates-per-recovered-diagnosis,uc-clinical-20260930-talos-acg-trio-default-evaluation,candidates_per_recovered_diagnosis,2.8,variants per diagnosis,uc-clinical-20260930-source-talos-table1,"Table 1, ACG trio, default, Candidates per diagnoses",automated_source_review
uc-clinical-20260930-talos-acg-trio-strict-diagnoses,uc-clinical-20260930-talos-acg-trio-strict-evaluation,recovered_known_diagnoses,164,count,uc-clinical-20260930-source-talos-table1,"Table 1, ACG trio, strict, Diagnoses",automated_source_review
uc-clinical-20260930-talos-acg-trio-strict-recovery,uc-clinical-20260930-talos-acg-trio-strict-evaluation,known_diagnosis_recovery,83%,percent,uc-clinical-20260930-source-talos-table1,"Table 1, ACG trio, strict, Diagnoses (%)",automated_source_review
uc-clinical-20260930-talos-acg-trio-strict-candidate-variants,uc-clinical-20260930-talos-acg-trio-strict-evaluation,candidate_variants,403,count,uc-clinical-20260930-source-talos-table1,"Table 1, ACG trio, strict, Candidate variants",automated_source_review
uc-clinical-20260930-talos-acg-trio-strict-candidates-per-proband,uc-clinical-20260930-talos-acg-trio-strict-evaluation,candidates_per_proband,1.1,variants per proband,uc-clinical-20260930-source-talos-table1,"Table 1, ACG trio, strict, Candidates per proband",automated_source_review
uc-clinical-20260930-talos-acg-trio-strict-candidates-per-recovered-diagnosis,uc-clinical-20260930-talos-acg-trio-strict-evaluation,candidates_per_recovered_diagnosis,2.5,variants per diagnosis,uc-clinical-20260930-source-talos-table1,"Table 1, ACG trio, strict, Candidates per diagnoses",automated_source_review
uc-clinical-20260930-talos-acg-singleton-default-diagnoses,uc-clinical-20260930-talos-acg-singleton-default-evaluation,recovered_known_diagnoses,170,count,uc-clinical-20260930-source-talos-table1,"Table 1, ACG singleton, default, Diagnoses",automated_source_review
uc-clinical-20260930-talos-acg-singleton-default-recovery,uc-clinical-20260930-talos-acg-singleton-default-evaluation,known_diagnosis_recovery,82%,percent,uc-clinical-20260930-source-talos-table1,"Table 1, ACG singleton, default, Diagnoses (%)",automated_source_review
uc-clinical-20260930-talos-acg-singleton-default-candidate-variants,uc-clinical-20260930-talos-acg-singleton-default-evaluation,candidate_variants,729,count,uc-clinical-20260930-source-talos-table1,"Table 1, ACG singleton, default, Candidate variants",automated_source_review
uc-clinical-20260930-talos-acg-singleton-default-candidates-per-proband,uc-clinical-20260930-talos-acg-singleton-default-evaluation,candidates_per_proband,1.8,variants per proband,uc-clinical-20260930-source-talos-table1,"Table 1, ACG singleton, default, Candidates per proband",automated_source_review
uc-clinical-20260930-talos-acg-singleton-default-candidates-per-recovered-diagnosis,uc-clinical-20260930-talos-acg-singleton-default-evaluation,candidates_per_recovered_diagnosis,4.3,variants per diagnosis,uc-clinical-20260930-source-talos-table1,"Table 1, ACG singleton, default, Candidates per diagnoses",automated_source_review
uc-clinical-20260930-talos-acg-singleton-strict-diagnoses,uc-clinical-20260930-talos-acg-singleton-strict-evaluation,recovered_known_diagnoses,160,count,uc-clinical-20260930-source-talos-table1,"Table 1, ACG singleton, strict, Diagnoses",automated_source_review
uc-clinical-20260930-talos-acg-singleton-strict-recovery,uc-clinical-20260930-talos-acg-singleton-strict-evaluation,known_diagnosis_recovery,77%,percent,uc-clinical-20260930-source-talos-table1,"Table 1, ACG singleton, strict, Diagnoses (%)",automated_source_review
uc-clinical-20260930-talos-acg-singleton-strict-candidate-variants,uc-clinical-20260930-talos-acg-singleton-strict-evaluation,candidate_variants,491,count,uc-clinical-20260930-source-talos-table1,"Table 1, ACG singleton, strict, Candidate variants",automated_source_review
uc-clinical-20260930-talos-acg-singleton-strict-candidates-per-proband,uc-clinical-20260930-talos-acg-singleton-strict-evaluation,candidates_per_proband,1.2,variants per proband,uc-clinical-20260930-source-talos-table1,"Table 1, ACG singleton, strict, Candidates per proband",automated_source_review
uc-clinical-20260930-talos-acg-singleton-strict-candidates-per-recovered-diagnosis,uc-clinical-20260930-talos-acg-singleton-strict-evaluation,candidates_per_recovered_diagnosis,3.0,variants per diagnosis,uc-clinical-20260930-source-talos-table1,"Table 1, ACG singleton, strict, Candidates per diagnoses",automated_source_review
uc-clinical-20260930-talos-acg-full-default-diagnoses,uc-clinical-20260930-talos-acg-full-default-evaluation,recovered_known_diagnoses,186,count,uc-clinical-20260930-source-talos-table1,"Table 1, ACG full, default, Diagnoses",automated_source_review
uc-clinical-20260930-talos-acg-full-default-recovery,uc-clinical-20260930-talos-acg-full-default-evaluation,known_diagnosis_recovery,89%,percent,uc-clinical-20260930-source-talos-table1,"Table 1, ACG full, default, Diagnoses (%)",automated_source_review
uc-clinical-20260930-talos-acg-full-default-candidate-variants,uc-clinical-20260930-talos-acg-full-default-evaluation,candidate_variants,523,count,uc-clinical-20260930-source-talos-table1,"Table 1, ACG full, default, Candidate variants",automated_source_review
uc-clinical-20260930-talos-acg-full-default-candidates-per-proband,uc-clinical-20260930-talos-acg-full-default-evaluation,candidates_per_proband,1.3,variants per proband,uc-clinical-20260930-source-talos-table1,"Table 1, ACG full, default, Candidates per proband",automated_source_review
uc-clinical-20260930-talos-acg-full-default-candidates-per-recovered-diagnosis,uc-clinical-20260930-talos-acg-full-default-evaluation,candidates_per_recovered_diagnosis,2.8,variants per diagnosis,uc-clinical-20260930-source-talos-table1,"Table 1, ACG full, default, Candidates per diagnoses",automated_source_review
uc-clinical-20260930-talos-acg-full-strict-diagnoses,uc-clinical-20260930-talos-acg-full-strict-evaluation,recovered_known_diagnoses,173,count,uc-clinical-20260930-source-talos-table1,"Table 1, ACG full, strict, Diagnoses",automated_source_review
uc-clinical-20260930-talos-acg-full-strict-recovery,uc-clinical-20260930-talos-acg-full-strict-evaluation,known_diagnosis_recovery,83%,percent,uc-clinical-20260930-source-talos-table1,"Table 1, ACG full, strict, Diagnoses (%)",automated_source_review
uc-clinical-20260930-talos-acg-full-strict-candidate-variants,uc-clinical-20260930-talos-acg-full-strict-evaluation,candidate_variants,419,count,uc-clinical-20260930-source-talos-table1,"Table 1, ACG full, strict, Candidate variants",automated_source_review
uc-clinical-20260930-talos-acg-full-strict-candidates-per-proband,uc-clinical-20260930-talos-acg-full-strict-evaluation,candidates_per_proband,1.0,variants per proband,uc-clinical-20260930-source-talos-table1,"Table 1, ACG full, strict, Candidates per proband",automated_source_review
uc-clinical-20260930-talos-acg-full-strict-candidates-per-recovered-diagnosis,uc-clinical-20260930-talos-acg-full-strict-evaluation,candidates_per_recovered_diagnosis,2.4,variants per diagnosis,uc-clinical-20260930-source-talos-table1,"Table 1, ACG full, strict, Candidates per diagnoses",automated_source_review
uc-clinical-20260930-talos-rgp-trio-default-diagnoses,uc-clinical-20260930-talos-rgp-trio-default-evaluation,recovered_known_diagnoses,47,count,uc-clinical-20260930-source-talos-table1,"Table 1, RGP trio, default, Diagnoses",automated_source_review
uc-clinical-20260930-talos-rgp-trio-default-recovery,uc-clinical-20260930-talos-rgp-trio-default-evaluation,known_diagnosis_recovery,87%,percent,uc-clinical-20260930-source-talos-table1,"Table 1, RGP trio, default, Diagnoses (%)",automated_source_review
uc-clinical-20260930-talos-rgp-trio-default-candidate-variants,uc-clinical-20260930-talos-rgp-trio-default-evaluation,candidate_variants,519,count,uc-clinical-20260930-source-talos-table1,"Table 1, RGP trio, default, Candidate variants",automated_source_review
uc-clinical-20260930-talos-rgp-trio-default-candidates-per-proband,uc-clinical-20260930-talos-rgp-trio-default-evaluation,candidates_per_proband,1.3,variants per proband,uc-clinical-20260930-source-talos-table1,"Table 1, RGP trio, default, Candidates per proband",automated_source_review
uc-clinical-20260930-talos-rgp-trio-default-candidates-per-recovered-diagnosis,uc-clinical-20260930-talos-rgp-trio-default-evaluation,candidates_per_recovered_diagnosis,11.0,variants per diagnosis,uc-clinical-20260930-source-talos-table1,"Table 1, RGP trio, default, Candidates per diagnoses",automated_source_review
uc-clinical-20260930-talos-rgp-trio-strict-diagnoses,uc-clinical-20260930-talos-rgp-trio-strict-evaluation,recovered_known_diagnoses,45,count,uc-clinical-20260930-source-talos-table1,"Table 1, RGP trio, strict, Diagnoses",automated_source_review
uc-clinical-20260930-talos-rgp-trio-strict-recovery,uc-clinical-20260930-talos-rgp-trio-strict-evaluation,known_diagnosis_recovery,83%,percent,uc-clinical-20260930-source-talos-table1,"Table 1, RGP trio, strict, Diagnoses (%)",automated_source_review
uc-clinical-20260930-talos-rgp-trio-strict-candidate-variants,uc-clinical-20260930-talos-rgp-trio-strict-evaluation,candidate_variants,335,count,uc-clinical-20260930-source-talos-table1,"Table 1, RGP trio, strict, Candidate variants",automated_source_review
uc-clinical-20260930-talos-rgp-trio-strict-candidates-per-proband,uc-clinical-20260930-talos-rgp-trio-strict-evaluation,candidates_per_proband,0.9,variants per proband,uc-clinical-20260930-source-talos-table1,"Table 1, RGP trio, strict, Candidates per proband",automated_source_review
uc-clinical-20260930-talos-rgp-trio-strict-candidates-per-recovered-diagnosis,uc-clinical-20260930-talos-rgp-trio-strict-evaluation,candidates_per_recovered_diagnosis,7.4,variants per diagnosis,uc-clinical-20260930-source-talos-table1,"Table 1, RGP trio, strict, Candidates per diagnoses",automated_source_review
uc-clinical-20260930-talos-rgp-singleton-default-diagnoses,uc-clinical-20260930-talos-rgp-singleton-default-evaluation,recovered_known_diagnoses,81,count,uc-clinical-20260930-source-talos-table1,"Table 1, RGP singleton, default, Diagnoses",automated_source_review
uc-clinical-20260930-talos-rgp-singleton-default-recovery,uc-clinical-20260930-talos-rgp-singleton-default-evaluation,known_diagnosis_recovery,87%,percent,uc-clinical-20260930-source-talos-table1,"Table 1, RGP singleton, default, Diagnoses (%)",automated_source_review
uc-clinical-20260930-talos-rgp-singleton-default-candidate-variants,uc-clinical-20260930-talos-rgp-singleton-default-evaluation,candidate_variants,"1,491",count,uc-clinical-20260930-source-talos-table1,"Table 1, RGP singleton, default, Candidate variants",automated_source_review
uc-clinical-20260930-talos-rgp-singleton-default-candidates-per-proband,uc-clinical-20260930-talos-rgp-singleton-default-evaluation,candidates_per_proband,2.2,variants per proband,uc-clinical-20260930-source-talos-table1,"Table 1, RGP singleton, default, Candidates per proband",automated_source_review
uc-clinical-20260930-talos-rgp-singleton-default-candidates-per-recovered-diagnosis,uc-clinical-20260930-talos-rgp-singleton-default-evaluation,candidates_per_recovered_diagnosis,18.4,variants per diagnosis,uc-clinical-20260930-source-talos-table1,"Table 1, RGP singleton, default, Candidates per diagnoses",automated_source_review
uc-clinical-20260930-talos-rgp-singleton-strict-diagnoses,uc-clinical-20260930-talos-rgp-singleton-strict-evaluation,recovered_known_diagnoses,78,count,uc-clinical-20260930-source-talos-table1,"Table 1, RGP singleton, strict, Diagnoses",automated_source_review
uc-clinical-20260930-talos-rgp-singleton-strict-recovery,uc-clinical-20260930-talos-rgp-singleton-strict-evaluation,known_diagnosis_recovery,84%,percent,uc-clinical-20260930-source-talos-table1,"Table 1, RGP singleton, strict, Diagnoses (%)",automated_source_review
uc-clinical-20260930-talos-rgp-singleton-strict-candidate-variants,uc-clinical-20260930-talos-rgp-singleton-strict-evaluation,candidate_variants,777,count,uc-clinical-20260930-source-talos-table1,"Table 1, RGP singleton, strict, Candidate variants",automated_source_review
uc-clinical-20260930-talos-rgp-singleton-strict-candidates-per-proband,uc-clinical-20260930-talos-rgp-singleton-strict-evaluation,candidates_per_proband,1.1,variants per proband,uc-clinical-20260930-source-talos-table1,"Table 1, RGP singleton, strict, Candidates per proband",automated_source_review
uc-clinical-20260930-talos-rgp-singleton-strict-candidates-per-recovered-diagnosis,uc-clinical-20260930-talos-rgp-singleton-strict-evaluation,candidates_per_recovered_diagnosis,9.9,variants per diagnosis,uc-clinical-20260930-source-talos-table1,"Table 1, RGP singleton, strict, Candidates per diagnoses",automated_source_review
uc-clinical-20260930-talos-rgp-full-default-diagnoses,uc-clinical-20260930-talos-rgp-full-default-evaluation,recovered_known_diagnoses,80,count,uc-clinical-20260930-source-talos-table1,"Table 1, RGP full, default, Diagnoses",automated_source_review
uc-clinical-20260930-talos-rgp-full-default-recovery,uc-clinical-20260930-talos-rgp-full-default-evaluation,known_diagnosis_recovery,86%,percent,uc-clinical-20260930-source-talos-table1,"Table 1, RGP full, default, Diagnoses (%)",automated_source_review
uc-clinical-20260930-talos-rgp-full-default-candidate-variants,uc-clinical-20260930-talos-rgp-full-default-evaluation,candidate_variants,"1,095",count,uc-clinical-20260930-source-talos-table1,"Table 1, RGP full, default, Candidate variants",automated_source_review
uc-clinical-20260930-talos-rgp-full-default-candidates-per-proband,uc-clinical-20260930-talos-rgp-full-default-evaluation,candidates_per_proband,1.6,variants per proband,uc-clinical-20260930-source-talos-table1,"Table 1, RGP full, default, Candidates per proband",automated_source_review
uc-clinical-20260930-talos-rgp-full-default-candidates-per-recovered-diagnosis,uc-clinical-20260930-talos-rgp-full-default-evaluation,candidates_per_recovered_diagnosis,13.7,variants per diagnosis,uc-clinical-20260930-source-talos-table1,"Table 1, RGP full, default, Candidates per diagnoses",automated_source_review
uc-clinical-20260930-talos-rgp-full-strict-diagnoses,uc-clinical-20260930-talos-rgp-full-strict-evaluation,recovered_known_diagnoses,77,count,uc-clinical-20260930-source-talos-table1,"Table 1, RGP full, strict, Diagnoses",automated_source_review
uc-clinical-20260930-talos-rgp-full-strict-recovery,uc-clinical-20260930-talos-rgp-full-strict-evaluation,known_diagnosis_recovery,83%,percent,uc-clinical-20260930-source-talos-table1,"Table 1, RGP full, strict, Diagnoses (%)",automated_source_review
uc-clinical-20260930-talos-rgp-full-strict-candidate-variants,uc-clinical-20260930-talos-rgp-full-strict-evaluation,candidate_variants,582,count,uc-clinical-20260930-source-talos-table1,"Table 1, RGP full, strict, Candidate variants",automated_source_review
uc-clinical-20260930-talos-rgp-full-strict-candidates-per-proband,uc-clinical-20260930-talos-rgp-full-strict-evaluation,candidates_per_proband,0.8,variants per proband,uc-clinical-20260930-source-talos-table1,"Table 1, RGP full, strict, Candidates per proband",automated_source_review
uc-clinical-20260930-talos-rgp-full-strict-candidates-per-recovered-diagnosis,uc-clinical-20260930-talos-rgp-full-strict-evaluation,candidates_per_recovered_diagnosis,7.6,variants per diagnosis,uc-clinical-20260930-source-talos-table1,"Table 1, RGP full, strict, Candidates per diagnoses",automated_source_review
uc-clinical-20260930-exomiser-all-count,uc-clinical-20260930-exomiser-acg-evaluation,recovered_cases_all,172,count,uc-clinical-20260930-source-talos,"Results, Comparison with other tools, rank all",automated_source_review
uc-clinical-20260930-exomiser-all-percent,uc-clinical-20260930-exomiser-acg-evaluation,case_recovery_all,89%,percent,uc-clinical-20260930-source-talos,"Results, Comparison with other tools, rank all",automated_source_review
uc-clinical-20260930-exomiser-top10-count,uc-clinical-20260930-exomiser-acg-evaluation,recovered_cases_top10,164,count,uc-clinical-20260930-source-talos,"Results, Comparison with other tools, rank top10",automated_source_review
uc-clinical-20260930-exomiser-top10-percent,uc-clinical-20260930-exomiser-acg-evaluation,case_recovery_top10,85%,percent,uc-clinical-20260930-source-talos,"Results, Comparison with other tools, rank top10",automated_source_review
uc-clinical-20260930-exomiser-top5-count,uc-clinical-20260930-exomiser-acg-evaluation,recovered_cases_top5,157,count,uc-clinical-20260930-source-talos,"Results, Comparison with other tools, rank top5",automated_source_review
uc-clinical-20260930-exomiser-top5-percent,uc-clinical-20260930-exomiser-acg-evaluation,case_recovery_top5,81%,percent,uc-clinical-20260930-source-talos,"Results, Comparison with other tools, rank top5",automated_source_review
uc-clinical-20260930-exomiser-top1-count,uc-clinical-20260930-exomiser-acg-evaluation,recovered_cases_top1,127,count,uc-clinical-20260930-source-talos,"Results, Comparison with other tools, rank top1",automated_source_review
uc-clinical-20260930-exomiser-top1-percent,uc-clinical-20260930-exomiser-acg-evaluation,case_recovery_top1,65%,percent,uc-clinical-20260930-source-talos,"Results, Comparison with other tools, rank top1",automated_source_review
uc-clinical-20260930-reanalysis-new-confirmed-diagnoses,uc-clinical-20260930-reanalysis-programme-evaluation,new_confirmed_diagnoses,241,count,uc-clinical-20260930-source-talos,"Results, Iterative reanalysis, paragraph beginning Review of Talos output",automated_source_review
uc-clinical-20260930-reanalysis-newly-diagnosed-individuals,uc-clinical-20260930-reanalysis-programme-evaluation,newly_diagnosed_individuals,238,count,uc-clinical-20260930-source-talos,"Results, Iterative reanalysis, paragraph beginning Review of Talos output",automated_source_review
uc-clinical-20260930-reanalysis-additional-diagnostic-yield,uc-clinical-20260930-reanalysis-programme-evaluation,additional_diagnostic_yield,5.1%,percent,uc-clinical-20260930-source-talos,"Results, Iterative reanalysis, paragraph beginning Review of Talos output",automated_source_review
uc-clinical-20260930-reanalysis-new-gene-disease-diagnoses,uc-clinical-20260930-reanalysis-programme-evaluation,new_gene_disease_diagnoses,78,count,uc-clinical-20260930-source-talos,"Results, Iterative reanalysis, paragraph beginning More than half",automated_source_review
uc-clinical-20260930-reanalysis-new-gene-disease-share,uc-clinical-20260930-reanalysis-programme-evaluation,new_gene_disease_share,32%,percent,uc-clinical-20260930-source-talos,"Results, Iterative reanalysis, paragraph beginning More than half",automated_source_review
uc-clinical-20260930-reanalysis-new-variant-evidence-diagnoses,uc-clinical-20260930-reanalysis-programme-evaluation,new_variant_evidence_diagnoses,54,count,uc-clinical-20260930-source-talos,"Results, Iterative reanalysis, paragraph beginning More than half",automated_source_review
uc-clinical-20260930-reanalysis-new-variant-evidence-share,uc-clinical-20260930-reanalysis-programme-evaluation,new_variant_evidence_share,22%,percent,uc-clinical-20260930-source-talos,"Results, Iterative reanalysis, paragraph beginning More than half",automated_source_review
uc-clinical-20260930-reanalysis-improved-analysis-diagnoses,uc-clinical-20260930-reanalysis-programme-evaluation,improved_analysis_diagnoses,109,count,uc-clinical-20260930-source-talos,"Results, Iterative reanalysis, paragraph beginning More than half",automated_source_review
uc-clinical-20260930-reanalysis-improved-analysis-share,uc-clinical-20260930-reanalysis-programme-evaluation,improved_analysis_share,45%,percent,uc-clinical-20260930-source-talos,"Results, Iterative reanalysis, paragraph beginning More than half",automated_source_review
uc-clinical-20260930-reanalysis-first-cycle-diagnoses,uc-clinical-20260930-reanalysis-programme-evaluation,first_cycle_diagnoses,221,count,uc-clinical-20260930-source-talos,"Results, Iterative reanalysis, paragraph beginning Twenty-nine cycles",automated_source_review
uc-clinical-20260930-reanalysis-first-cycle-share,uc-clinical-20260930-reanalysis-programme-evaluation,first_cycle_share,92%,percent,uc-clinical-20260930-source-talos,"Results, Iterative reanalysis, paragraph beginning Twenty-nine cycles",automated_source_review
uc-clinical-20260930-reanalysis-later-cycle-diagnoses,uc-clinical-20260930-reanalysis-programme-evaluation,later_cycle_diagnoses,20,count,uc-clinical-20260930-source-talos,"Results, Iterative reanalysis, paragraph beginning Twenty-nine cycles",automated_source_review
uc-clinical-20260930-reanalysis-later-cycle-share,uc-clinical-20260930-reanalysis-programme-evaluation,later_cycle_share,8%,percent,uc-clinical-20260930-source-talos,"Results, Iterative reanalysis, paragraph beginning Twenty-nine cycles",automated_source_review
uc-clinical-20260930-reanalysis-new-candidates-per-1000,uc-clinical-20260930-reanalysis-programme-evaluation,new_candidates_per_1000,5,variants per 1000 cases per cycle,uc-clinical-20260930-source-talos,"Results, Iterative reanalysis, paragraph beginning During iterative reanalysis",automated_source_review
uc-clinical-20260930-enigma-brca1-low-benign-count,uc-clinical-20260930-enigma-brca1-evaluation,low_benign_count,946,count,uc-clinical-20260930-source-enigma,"Table 2, BRCA1, BayesDel ≤0.15, benign_count",automated_source_review
uc-clinical-20260930-enigma-brca1-low-benign-fraction,uc-clinical-20260930-enigma-brca1-evaluation,low_benign_fraction,74%,percent,uc-clinical-20260930-source-enigma,"Table 2, BRCA1, BayesDel ≤0.15, benign_fraction",automated_source_review
uc-clinical-20260930-enigma-brca1-low-pathogenic-count,uc-clinical-20260930-enigma-brca1-evaluation,low_pathogenic_count,34,count,uc-clinical-20260930-source-enigma,"Table 2, BRCA1, BayesDel ≤0.15, pathogenic_count",automated_source_review
uc-clinical-20260930-enigma-brca1-low-pathogenic-fraction,uc-clinical-20260930-enigma-brca1-evaluation,low_pathogenic_fraction,7%,percent,uc-clinical-20260930-source-enigma,"Table 2, BRCA1, BayesDel ≤0.15, pathogenic_fraction",automated_source_review
uc-clinical-20260930-enigma-brca1-low-likelihood-ratio,uc-clinical-20260930-enigma-brca1-evaluation,low_likelihood_ratio,0.10,likelihood ratio,uc-clinical-20260930-source-enigma,"Table 2, BRCA1, BayesDel ≤0.15, likelihood_ratio",automated_source_review
uc-clinical-20260930-enigma-brca1-middle-benign-count,uc-clinical-20260930-enigma-brca1-evaluation,middle_benign_count,183,count,uc-clinical-20260930-source-enigma,"Table 2, BRCA1, BayesDel >0.15 and <0.28, benign_count",automated_source_review
uc-clinical-20260930-enigma-brca1-middle-benign-fraction,uc-clinical-20260930-enigma-brca1-evaluation,middle_benign_fraction,14%,percent,uc-clinical-20260930-source-enigma,"Table 2, BRCA1, BayesDel >0.15 and <0.28, benign_fraction",automated_source_review
uc-clinical-20260930-enigma-brca1-middle-pathogenic-count,uc-clinical-20260930-enigma-brca1-evaluation,middle_pathogenic_count,45,count,uc-clinical-20260930-source-enigma,"Table 2, BRCA1, BayesDel >0.15 and <0.28, pathogenic_count",automated_source_review
uc-clinical-20260930-enigma-brca1-middle-pathogenic-fraction,uc-clinical-20260930-enigma-brca1-evaluation,middle_pathogenic_fraction,10%,percent,uc-clinical-20260930-source-enigma,"Table 2, BRCA1, BayesDel >0.15 and <0.28, pathogenic_fraction",automated_source_review
uc-clinical-20260930-enigma-brca1-middle-likelihood-ratio,uc-clinical-20260930-enigma-brca1-evaluation,middle_likelihood_ratio,0.69,likelihood ratio,uc-clinical-20260930-source-enigma,"Table 2, BRCA1, BayesDel >0.15 and <0.28, likelihood_ratio",automated_source_review
uc-clinical-20260930-enigma-brca1-high-benign-count,uc-clinical-20260930-enigma-brca1-evaluation,high_benign_count,149,count,uc-clinical-20260930-source-enigma,"Table 2, BRCA1, BayesDel ≥0.28, benign_count",automated_source_review
uc-clinical-20260930-enigma-brca1-high-benign-fraction,uc-clinical-20260930-enigma-brca1-evaluation,high_benign_fraction,12%,percent,uc-clinical-20260930-source-enigma,"Table 2, BRCA1, BayesDel ≥0.28, benign_fraction",automated_source_review
uc-clinical-20260930-enigma-brca1-high-pathogenic-count,uc-clinical-20260930-enigma-brca1-evaluation,high_pathogenic_count,377,count,uc-clinical-20260930-source-enigma,"Table 2, BRCA1, BayesDel ≥0.28, pathogenic_count",automated_source_review
uc-clinical-20260930-enigma-brca1-high-pathogenic-fraction,uc-clinical-20260930-enigma-brca1-evaluation,high_pathogenic_fraction,83%,percent,uc-clinical-20260930-source-enigma,"Table 2, BRCA1, BayesDel ≥0.28, pathogenic_fraction",automated_source_review
uc-clinical-20260930-enigma-brca1-high-likelihood-ratio,uc-clinical-20260930-enigma-brca1-evaluation,high_likelihood_ratio,7.09,likelihood ratio,uc-clinical-20260930-source-enigma,"Table 2, BRCA1, BayesDel ≥0.28, likelihood_ratio",automated_source_review
uc-clinical-20260930-enigma-brca2-low-benign-count,uc-clinical-20260930-enigma-brca2-evaluation,low_benign_count,216,count,uc-clinical-20260930-source-enigma,"Table 2, BRCA2, BayesDel ≤0.18, benign_count",automated_source_review
uc-clinical-20260930-enigma-brca2-low-benign-fraction,uc-clinical-20260930-enigma-brca2-evaluation,low_benign_fraction,74%,percent,uc-clinical-20260930-source-enigma,"Table 2, BRCA2, BayesDel ≤0.18, benign_fraction",automated_source_review
uc-clinical-20260930-enigma-brca2-low-pathogenic-count,uc-clinical-20260930-enigma-brca2-evaluation,low_pathogenic_count,21,count,uc-clinical-20260930-source-enigma,"Table 2, BRCA2, BayesDel ≤0.18, pathogenic_count",automated_source_review
uc-clinical-20260930-enigma-brca2-low-pathogenic-fraction,uc-clinical-20260930-enigma-brca2-evaluation,low_pathogenic_fraction,16%,percent,uc-clinical-20260930-source-enigma,"Table 2, BRCA2, BayesDel ≤0.18, pathogenic_fraction",automated_source_review
uc-clinical-20260930-enigma-brca2-low-likelihood-ratio,uc-clinical-20260930-enigma-brca2-evaluation,low_likelihood_ratio,0.21,likelihood ratio,uc-clinical-20260930-source-enigma,"Table 2, BRCA2, BayesDel ≤0.18, likelihood_ratio",automated_source_review
uc-clinical-20260930-enigma-brca2-middle-benign-count,uc-clinical-20260930-enigma-brca2-evaluation,middle_benign_count,46,count,uc-clinical-20260930-source-enigma,"Table 2, BRCA2, BayesDel >0.18 and <0.30, benign_count",automated_source_review
uc-clinical-20260930-enigma-brca2-middle-benign-fraction,uc-clinical-20260930-enigma-brca2-evaluation,middle_benign_fraction,16%,percent,uc-clinical-20260930-source-enigma,"Table 2, BRCA2, BayesDel >0.18 and <0.30, benign_fraction",automated_source_review
uc-clinical-20260930-enigma-brca2-middle-pathogenic-count,uc-clinical-20260930-enigma-brca2-evaluation,middle_pathogenic_count,25,count,uc-clinical-20260930-source-enigma,"Table 2, BRCA2, BayesDel >0.18 and <0.30, pathogenic_count",automated_source_review
uc-clinical-20260930-enigma-brca2-middle-pathogenic-fraction,uc-clinical-20260930-enigma-brca2-evaluation,middle_pathogenic_fraction,19%,percent,uc-clinical-20260930-source-enigma,"Table 2, BRCA2, BayesDel >0.18 and <0.30, pathogenic_fraction",automated_source_review
uc-clinical-20260930-enigma-brca2-middle-likelihood-ratio,uc-clinical-20260930-enigma-brca2-evaluation,middle_likelihood_ratio,1.18,likelihood ratio,uc-clinical-20260930-source-enigma,"Table 2, BRCA2, BayesDel >0.18 and <0.30, likelihood_ratio",automated_source_review
uc-clinical-20260930-enigma-brca2-high-benign-count,uc-clinical-20260930-enigma-brca2-evaluation,high_benign_count,29,count,uc-clinical-20260930-source-enigma,"Table 2, BRCA2, BayesDel ≥0.30, benign_count",automated_source_review
uc-clinical-20260930-enigma-brca2-high-benign-fraction,uc-clinical-20260930-enigma-brca2-evaluation,high_benign_fraction,10%,percent,uc-clinical-20260930-source-enigma,"Table 2, BRCA2, BayesDel ≥0.30, benign_fraction",automated_source_review
uc-clinical-20260930-enigma-brca2-high-pathogenic-count,uc-clinical-20260930-enigma-brca2-evaluation,high_pathogenic_count,88,count,uc-clinical-20260930-source-enigma,"Table 2, BRCA2, BayesDel ≥0.30, pathogenic_count",automated_source_review
uc-clinical-20260930-enigma-brca2-high-pathogenic-fraction,uc-clinical-20260930-enigma-brca2-evaluation,high_pathogenic_fraction,66%,percent,uc-clinical-20260930-source-enigma,"Table 2, BRCA2, BayesDel ≥0.30, pathogenic_fraction",automated_source_review
uc-clinical-20260930-enigma-brca2-high-likelihood-ratio,uc-clinical-20260930-enigma-brca2-evaluation,high_likelihood_ratio,6.59,likelihood ratio,uc-clinical-20260930-source-enigma,"Table 2, BRCA2, BayesDel ≥0.30, likelihood_ratio",automated_source_review
uc-clinical-20260930-enigma-pilot-first-phase-confidence-band,uc-clinical-20260930-enigma-pilot-evaluation,first_phase_confidence_band,32,count,uc-clinical-20260930-source-enigma,"Results, Pilot curation, first-phase-confidence-band",automated_source_review
uc-clinical-20260930-enigma-pilot-resolved-initial-vus-conflict,uc-clinical-20260930-enigma-pilot-evaluation,resolved_initial_vus_conflict,11,count,uc-clinical-20260930-source-enigma,"Results, Pilot curation, resolved-initial-vus-conflict",automated_source_review
uc-clinical-20260930-enigma-pilot-second-phase-vus-other-resolved,uc-clinical-20260930-enigma-pilot-evaluation,second_phase_vus_other_resolved,6,count,uc-clinical-20260930-source-enigma,"Results, Pilot curation, second-phase-vus-other-resolved",automated_source_review
uc-clinical-20260930-enigma-pilot-lp-p-resolved-to-p,uc-clinical-20260930-enigma-pilot-evaluation,lp_p_resolved_to_p,5,count,uc-clinical-20260930-source-enigma,"Results, Pilot curation, lp-p-resolved-to-p",automated_source_review
uc-clinical-20260930-enigma-pilot-lb-b-resolved-to-b,uc-clinical-20260930-enigma-pilot-evaluation,lb_b_resolved_to_b,3,count,uc-clinical-20260930-source-enigma,"Results, Pilot curation, lb-b-resolved-to-b",automated_source_review
uc-clinical-20260930-enigma-brca1-generic-false-pp3,uc-clinical-20260930-enigma-brca1-generic-evaluation,benign_reference_assigned_pp3,29%,percent,uc-clinical-20260930-source-enigma,"Results, BayesDel calibration, sentence 29% for BRCA1 and 36% for BRCA2 incorrectly assigned PP3",automated_source_review
uc-clinical-20260930-enigma-brca1-generic-bp4,uc-clinical-20260930-enigma-brca1-generic-evaluation,benign_reference_assigned_bp4,<10%,percent,uc-clinical-20260930-source-enigma,"Results, BayesDel calibration, BP4 code would be assigned to <10% of BRCA1 and BRCA2 benign reference variants",automated_source_review
uc-clinical-20260930-enigma-brca2-generic-false-pp3,uc-clinical-20260930-enigma-brca2-generic-evaluation,benign_reference_assigned_pp3,36%,percent,uc-clinical-20260930-source-enigma,"Results, BayesDel calibration, sentence 29% for BRCA1 and 36% for BRCA2 incorrectly assigned PP3",automated_source_review
uc-clinical-20260930-enigma-brca2-generic-bp4,uc-clinical-20260930-enigma-brca2-generic-evaluation,benign_reference_assigned_bp4,<10%,percent,uc-clinical-20260930-source-enigma,"Results, BayesDel calibration, BP4 code would be assigned to <10% of BRCA1 and BRCA2 benign reference variants",automated_source_review
uc-clinical-20260930-oncovi-sop-accuracy,uc-clinical-20260930-oncovi-sop-evaluation,accuracy,81%,percent,uc-clinical-20260930-source-oncovi,"Results, Guideline SOP variants, accuracy; subgroup values correspond to Supplemental Table S6",automated_source_review
uc-clinical-20260930-oncovi-sop-oncogenic-sensitivity,uc-clinical-20260930-oncovi-sop-evaluation,oncogenic_sensitivity,88%,percent,uc-clinical-20260930-source-oncovi,"Results, Guideline SOP variants, oncogenic_sensitivity; subgroup values correspond to Supplemental Table S6",automated_source_review
uc-clinical-20260930-oncovi-sop-benign-sensitivity,uc-clinical-20260930-oncovi-sop-evaluation,benign_sensitivity,83%,percent,uc-clinical-20260930-source-oncovi,"Results, Guideline SOP variants, benign_sensitivity; subgroup values correspond to Supplemental Table S6",automated_source_review
uc-clinical-20260930-oncovi-sop-tsg-accuracy,uc-clinical-20260930-oncovi-sop-evaluation,tsg_accuracy,87.1%,percent,uc-clinical-20260930-source-oncovi,"Results, Guideline SOP variants, tsg_accuracy; subgroup values correspond to Supplemental Table S6",automated_source_review
uc-clinical-20260930-oncovi-sop-oncogene-accuracy,uc-clinical-20260930-oncovi-sop-evaluation,oncogene_accuracy,82.0%,percent,uc-clinical-20260930-source-oncovi,"Results, Guideline SOP variants, oncogene_accuracy; subgroup values correspond to Supplemental Table S6",automated_source_review
uc-clinical-20260930-oncovi-sop-missense-accuracy,uc-clinical-20260930-oncovi-sop-evaluation,missense_accuracy,83.1%,percent,uc-clinical-20260930-source-oncovi,"Results, Guideline SOP variants, missense_accuracy; subgroup values correspond to Supplemental Table S6",automated_source_review
uc-clinical-20260930-oncovi-sop-truncating-accuracy,uc-clinical-20260930-oncovi-sop-evaluation,truncating_accuracy,77.7%,percent,uc-clinical-20260930-source-oncovi,"Results, Guideline SOP variants, truncating_accuracy; subgroup values correspond to Supplemental Table S6",automated_source_review
uc-clinical-20260930-oncovi-mtb-concordance,uc-clinical-20260930-oncovi-mtb-evaluation,concordance,78%,percent,uc-clinical-20260930-source-oncovi,"Results, Erlangen MTB variants, concordance; subgroup values correspond to Supplemental Table S6",automated_source_review
uc-clinical-20260930-oncovi-mtb-vus-concordance,uc-clinical-20260930-oncovi-mtb-evaluation,vus_concordance,97%,percent,uc-clinical-20260930-source-oncovi,"Results, Erlangen MTB variants, vus_concordance; subgroup values correspond to Supplemental Table S6",automated_source_review
uc-clinical-20260930-oncovi-mtb-benign-concordance,uc-clinical-20260930-oncovi-mtb-evaluation,benign_concordance,43%,percent,uc-clinical-20260930-source-oncovi,"Results, Erlangen MTB variants, benign_concordance; subgroup values correspond to Supplemental Table S6",automated_source_review
uc-clinical-20260930-oncovi-mtb-oncogenic-vs-pathogenic-concordance,uc-clinical-20260930-oncovi-mtb-evaluation,oncogenic_vs_pathogenic_concordance,79%,percent,uc-clinical-20260930-source-oncovi,"Results, Erlangen MTB variants, oncogenic_vs_pathogenic_concordance; subgroup values correspond to Supplemental Table S6",automated_source_review
uc-clinical-20260930-oncovi-mtb-oncogene-concordance,uc-clinical-20260930-oncovi-mtb-evaluation,oncogene_concordance,82.5%,percent,uc-clinical-20260930-source-oncovi,"Results, Erlangen MTB variants, oncogene_concordance; subgroup values correspond to Supplemental Table S6",automated_source_review
uc-clinical-20260930-oncovi-mtb-tsg-concordance,uc-clinical-20260930-oncovi-mtb-evaluation,tsg_concordance,76.0%,percent,uc-clinical-20260930-source-oncovi,"Results, Erlangen MTB variants, tsg_concordance; subgroup values correspond to Supplemental Table S6",automated_source_review
uc-clinical-20260930-oncovi-mtb-missense-concordance,uc-clinical-20260930-oncovi-mtb-evaluation,missense_concordance,78.2%,percent,uc-clinical-20260930-source-oncovi,"Results, Erlangen MTB variants, missense_concordance; subgroup values correspond to Supplemental Table S6",automated_source_review
uc-clinical-20260930-oncovi-mtb-truncating-concordance,uc-clinical-20260930-oncovi-mtb-evaluation,truncating_concordance,49.4%,percent,uc-clinical-20260930-source-oncovi,"Results, Erlangen MTB variants, truncating_concordance; subgroup values correspond to Supplemental Table S6",automated_source_review
uc-clinical-20260930-oncovi-expert-expert-concordance,uc-clinical-20260930-oncovi-expert-evaluation,expert_concordance,80%,percent,uc-clinical-20260930-source-oncovi,"Results, MTB selected expert reassessment, expert_concordance; subgroup values correspond to Supplemental Table S6",automated_source_review
uc-clinical-20260930-oncovi-expert-prior-mtb-concordance,uc-clinical-20260930-oncovi-expert-evaluation,prior_mtb_concordance,22%,percent,uc-clinical-20260930-source-oncovi,"Results, MTB selected expert reassessment, prior_mtb_concordance; subgroup values correspond to Supplemental Table S6",automated_source_review
uc-clinical-20260930-oncovi-clinvar-accuracy,uc-clinical-20260930-oncovi-clinvar-evaluation,accuracy,83%,percent,uc-clinical-20260930-source-oncovi,"Results, ClinVar April 2025 oncogenicity assertions, accuracy; subgroup values correspond to Supplemental Table S6",automated_source_review
uc-clinical-20260930-oncovi-clinvar-oncogenic-sensitivity,uc-clinical-20260930-oncovi-clinvar-evaluation,oncogenic_sensitivity,84%,percent,uc-clinical-20260930-source-oncovi,"Results, ClinVar April 2025 oncogenicity assertions, oncogenic_sensitivity; subgroup values correspond to Supplemental Table S6",automated_source_review
uc-clinical-20260930-oncovi-clinvar-tsg-concordance,uc-clinical-20260930-oncovi-clinvar-evaluation,tsg_concordance,85.7%,percent,uc-clinical-20260930-source-oncovi,"Results, ClinVar April 2025 oncogenicity assertions, tsg_concordance; subgroup values correspond to Supplemental Table S6",automated_source_review
uc-clinical-20260930-oncovi-clinvar-oncogene-concordance,uc-clinical-20260930-oncovi-clinvar-evaluation,oncogene_concordance,76.1%,percent,uc-clinical-20260930-source-oncovi,"Results, ClinVar April 2025 oncogenicity assertions, oncogene_concordance; subgroup values correspond to Supplemental Table S6",automated_source_review
uc-clinical-20260930-oncovi-clinvar-truncating-concordance,uc-clinical-20260930-oncovi-clinvar-evaluation,truncating_concordance,87.5%,percent,uc-clinical-20260930-source-oncovi,"Results, ClinVar April 2025 oncogenicity assertions, truncating_concordance; subgroup values correspond to Supplemental Table S6",automated_source_review
uc-clinical-20260930-oncovi-clinvar-missense-concordance,uc-clinical-20260930-oncovi-clinvar-evaluation,missense_concordance,81.1%,percent,uc-clinical-20260930-source-oncovi,"Results, ClinVar April 2025 oncogenicity assertions, missense_concordance; subgroup values correspond to Supplemental Table S6",automated_source_review
uc-clinical-20260930-oncovi-sop-score-correlation,uc-clinical-20260930-oncovi-sop-evaluation,score_correlation,0.87,correlation coefficient,uc-clinical-20260930-source-oncovi,"Results, Figure 2B, concordant variants only",automated_source_review
uc-clinical-20260930-oncovi-expert-score-correlation,uc-clinical-20260930-oncovi-expert-evaluation,score_correlation,0.7,correlation coefficient,uc-clinical-20260930-source-oncovi,"Results, Figure 4C, concordant variants only",automated_source_review
uc-clinical-20260930-oncovi-prior-mtb-expert-agreement,uc-clinical-20260930-oncovi-prior-mtb-expert-evaluation,expert_concordance,34%,percent,uc-clinical-20260930-source-oncovi,"Results, validation data set, paragraph ending 46/135; Figure 4A",automated_source_review
uc-clinical-20260930-oncovi-prior-mtb-expert-concordant-count,uc-clinical-20260930-oncovi-prior-mtb-expert-evaluation,expert_concordant_variants,46,count,uc-clinical-20260930-source-oncovi,"Results, validation data set, paragraph ending 46/135; Figure 4A",automated_source_review
uc-clinical-20260930-civic-mcp-predictive-f1,uc-clinical-20260930-civic-mcp-evaluation,predictive_micro_f1,0.98,F1 score,uc-clinical-20260930-source-civic,"Figure 1c, predictive row, mcp column",automated_source_review
uc-clinical-20260930-civic-alone-predictive-f1,uc-clinical-20260930-civic-alone-evaluation,predictive_micro_f1,0.37,F1 score,uc-clinical-20260930-source-civic,"Figure 1c, predictive row, alone column",automated_source_review
uc-clinical-20260930-civic-agent-predictive-f1,uc-clinical-20260930-civic-agent-evaluation,predictive_micro_f1,0.90,F1 score,uc-clinical-20260930-source-civic,"Figure 1c, predictive row, agent column",automated_source_review
uc-clinical-20260930-civic-mcp-predisposing-f1,uc-clinical-20260930-civic-mcp-evaluation,predisposing_micro_f1,0.96,F1 score,uc-clinical-20260930-source-civic,"Figure 1c, predisposing row, mcp column",automated_source_review
uc-clinical-20260930-civic-alone-predisposing-f1,uc-clinical-20260930-civic-alone-evaluation,predisposing_micro_f1,0.46,F1 score,uc-clinical-20260930-source-civic,"Figure 1c, predisposing row, alone column",automated_source_review
uc-clinical-20260930-civic-agent-predisposing-f1,uc-clinical-20260930-civic-agent-evaluation,predisposing_micro_f1,0.93,F1 score,uc-clinical-20260930-source-civic,"Figure 1c, predisposing row, agent column",automated_source_review
uc-clinical-20260930-civic-mcp-functional-f1,uc-clinical-20260930-civic-mcp-evaluation,functional_micro_f1,1.00,F1 score,uc-clinical-20260930-source-civic,"Figure 1c, functional row, mcp column",automated_source_review
uc-clinical-20260930-civic-alone-functional-f1,uc-clinical-20260930-civic-alone-evaluation,functional_micro_f1,0.57,F1 score,uc-clinical-20260930-source-civic,"Figure 1c, functional row, alone column",automated_source_review
uc-clinical-20260930-civic-agent-functional-f1,uc-clinical-20260930-civic-agent-evaluation,functional_micro_f1,0.88,F1 score,uc-clinical-20260930-source-civic,"Figure 1c, functional row, agent column",automated_source_review
uc-clinical-20260930-civic-mcp-oncogenic-f1,uc-clinical-20260930-civic-mcp-evaluation,oncogenic_micro_f1,1.00,F1 score,uc-clinical-20260930-source-civic,"Figure 1c, oncogenic row, mcp column",automated_source_review
uc-clinical-20260930-civic-alone-oncogenic-f1,uc-clinical-20260930-civic-alone-evaluation,oncogenic_micro_f1,0.20,F1 score,uc-clinical-20260930-source-civic,"Figure 1c, oncogenic row, alone column",automated_source_review
uc-clinical-20260930-civic-agent-oncogenic-f1,uc-clinical-20260930-civic-agent-evaluation,oncogenic_micro_f1,0.96,F1 score,uc-clinical-20260930-source-civic,"Figure 1c, oncogenic row, agent column",automated_source_review
uc-clinical-20260930-civic-mcp-prognostic-f1,uc-clinical-20260930-civic-mcp-evaluation,prognostic_micro_f1,1.00,F1 score,uc-clinical-20260930-source-civic,"Figure 1c, prognostic row, mcp column",automated_source_review
uc-clinical-20260930-civic-alone-prognostic-f1,uc-clinical-20260930-civic-alone-evaluation,prognostic_micro_f1,0.67,F1 score,uc-clinical-20260930-source-civic,"Figure 1c, prognostic row, alone column",automated_source_review
uc-clinical-20260930-civic-agent-prognostic-f1,uc-clinical-20260930-civic-agent-evaluation,prognostic_micro_f1,0.95,F1 score,uc-clinical-20260930-source-civic,"Figure 1c, prognostic row, agent column",automated_source_review
uc-clinical-20260930-civic-mcp-diagnostic-f1,uc-clinical-20260930-civic-mcp-evaluation,diagnostic_micro_f1,0.95,F1 score,uc-clinical-20260930-source-civic,"Figure 1c, diagnostic row, mcp column",automated_source_review
uc-clinical-20260930-civic-alone-diagnostic-f1,uc-clinical-20260930-civic-alone-evaluation,diagnostic_micro_f1,0.75,F1 score,uc-clinical-20260930-source-civic,"Figure 1c, diagnostic row, alone column",automated_source_review
uc-clinical-20260930-civic-agent-diagnostic-f1,uc-clinical-20260930-civic-agent-evaluation,diagnostic_micro_f1,0.84,F1 score,uc-clinical-20260930-source-civic,"Figure 1c, diagnostic row, agent column",automated_source_review
uc-clinical-20260930-civic-mcp-micro-f1,uc-clinical-20260930-civic-mcp-evaluation,micro_f1,0.98,F1 score,uc-clinical-20260930-source-civic,Fig1c Micro F1; Section 3,automated_source_review
uc-clinical-20260930-civic-mcp-accuracy,uc-clinical-20260930-civic-mcp-evaluation,overall_accuracy,0.95,fraction,uc-clinical-20260930-source-civic,Fig1c Overall Accuracy; Section 3,automated_source_review
uc-clinical-20260930-civic-mcp-time,uc-clinical-20260930-civic-mcp-evaluation,mean_response_time,43.1,seconds,uc-clinical-20260930-source-civic,Fig1c Mean Time Seconds; Section 3,automated_source_review
uc-clinical-20260930-civic-alone-micro-f1,uc-clinical-20260930-civic-alone-evaluation,micro_f1,0.46,F1 score,uc-clinical-20260930-source-civic,Fig1c Micro F1; Section 3,automated_source_review
uc-clinical-20260930-civic-alone-accuracy,uc-clinical-20260930-civic-alone-evaluation,overall_accuracy,0.30,fraction,uc-clinical-20260930-source-civic,Fig1c Overall Accuracy; Section 3,automated_source_review
uc-clinical-20260930-civic-alone-time,uc-clinical-20260930-civic-alone-evaluation,mean_response_time,42.9,seconds,uc-clinical-20260930-source-civic,Fig1c Mean Time Seconds; Section 3,automated_source_review
uc-clinical-20260930-civic-agent-micro-f1,uc-clinical-20260930-civic-agent-evaluation,micro_f1,0.91,F1 score,uc-clinical-20260930-source-civic,Fig1c Micro F1; Section 3,automated_source_review
uc-clinical-20260930-civic-agent-accuracy,uc-clinical-20260930-civic-agent-evaluation,overall_accuracy,0.83,fraction,uc-clinical-20260930-source-civic,Fig1c Overall Accuracy; Section 3,automated_source_review
uc-clinical-20260930-civic-agent-time,uc-clinical-20260930-civic-agent-evaluation,mean_response_time,425.0,seconds,uc-clinical-20260930-source-civic,Fig1c Mean Time Seconds; Section 3,automated_source_review
uc-clinical-20260930-civic-mcp-predictive-sensitivity-precision,uc-clinical-20260930-civic-mcp-evaluation,predictive_sensitivity_precision,1.00,fraction,uc-clinical-20260930-source-civic-supp,"Supplementary Table 1, Predictive / Sensitivity, precision",automated_source_review
uc-clinical-20260930-civic-mcp-predictive-sensitivity-recall,uc-clinical-20260930-civic-mcp-evaluation,predictive_sensitivity_recall,0.96,fraction,uc-clinical-20260930-source-civic-supp,"Supplementary Table 1, Predictive / Sensitivity, recall",automated_source_review
uc-clinical-20260930-civic-mcp-predictive-sensitivity-f1,uc-clinical-20260930-civic-mcp-evaluation,predictive_sensitivity_f1,0.98,F1 score,uc-clinical-20260930-source-civic-supp,"Supplementary Table 1, Predictive / Sensitivity, f1",automated_source_review
uc-clinical-20260930-civic-mcp-predictive-resistance-precision,uc-clinical-20260930-civic-mcp-evaluation,predictive_resistance_precision,1.00,fraction,uc-clinical-20260930-source-civic-supp,"Supplementary Table 1, Predictive / Resistance, precision",automated_source_review
uc-clinical-20260930-civic-mcp-predictive-resistance-recall,uc-clinical-20260930-civic-mcp-evaluation,predictive_resistance_recall,0.94,fraction,uc-clinical-20260930-source-civic-supp,"Supplementary Table 1, Predictive / Resistance, recall",automated_source_review
uc-clinical-20260930-civic-mcp-predictive-resistance-f1,uc-clinical-20260930-civic-mcp-evaluation,predictive_resistance_f1,0.97,F1 score,uc-clinical-20260930-source-civic-supp,"Supplementary Table 1, Predictive / Resistance, f1",automated_source_review
uc-clinical-20260930-civic-mcp-predisposing-predisposition-precision,uc-clinical-20260930-civic-mcp-evaluation,predisposing_predisposition_precision,1.00,fraction,uc-clinical-20260930-source-civic-supp,"Supplementary Table 1, Predisposing / Predisposition, precision",automated_source_review
uc-clinical-20260930-civic-mcp-predisposing-predisposition-recall,uc-clinical-20260930-civic-mcp-evaluation,predisposing_predisposition_recall,1.00,fraction,uc-clinical-20260930-source-civic-supp,"Supplementary Table 1, Predisposing / Predisposition, recall",automated_source_review
uc-clinical-20260930-civic-mcp-predisposing-predisposition-f1,uc-clinical-20260930-civic-mcp-evaluation,predisposing_predisposition_f1,1.00,F1 score,uc-clinical-20260930-source-civic-supp,"Supplementary Table 1, Predisposing / Predisposition, f1",automated_source_review
uc-clinical-20260930-civic-mcp-oncogenic-oncogenicity-precision,uc-clinical-20260930-civic-mcp-evaluation,oncogenic_oncogenicity_precision,1.00,fraction,uc-clinical-20260930-source-civic-supp,"Supplementary Table 1, Oncogenic / Oncogenicity, precision",automated_source_review
uc-clinical-20260930-civic-mcp-oncogenic-oncogenicity-recall,uc-clinical-20260930-civic-mcp-evaluation,oncogenic_oncogenicity_recall,0.92,fraction,uc-clinical-20260930-source-civic-supp,"Supplementary Table 1, Oncogenic / Oncogenicity, recall",automated_source_review
uc-clinical-20260930-civic-mcp-oncogenic-oncogenicity-f1,uc-clinical-20260930-civic-mcp-evaluation,oncogenic_oncogenicity_f1,0.96,F1 score,uc-clinical-20260930-source-civic-supp,"Supplementary Table 1, Oncogenic / Oncogenicity, f1",automated_source_review
uc-clinical-20260930-civic-mcp-predisposing-n-a-precision,uc-clinical-20260930-civic-mcp-evaluation,predisposing_n_a_precision,1.00,fraction,uc-clinical-20260930-source-civic-supp,"Supplementary Table 1, Predisposing / N/A, precision",automated_source_review
uc-clinical-20260930-civic-mcp-predisposing-n-a-recall,uc-clinical-20260930-civic-mcp-evaluation,predisposing_n_a_recall,0.89,fraction,uc-clinical-20260930-source-civic-supp,"Supplementary Table 1, Predisposing / N/A, recall",automated_source_review
uc-clinical-20260930-civic-mcp-predisposing-n-a-f1,uc-clinical-20260930-civic-mcp-evaluation,predisposing_n_a_f1,0.94,F1 score,uc-clinical-20260930-source-civic-supp,"Supplementary Table 1, Predisposing / N/A, f1",automated_source_review
uc-clinical-20260930-civic-mcp-diagnostic-positive-precision,uc-clinical-20260930-civic-mcp-evaluation,diagnostic_positive_precision,1.00,fraction,uc-clinical-20260930-source-civic-supp,"Supplementary Table 1, Diagnostic / Positive, precision",automated_source_review
uc-clinical-20260930-civic-mcp-diagnostic-positive-recall,uc-clinical-20260930-civic-mcp-evaluation,diagnostic_positive_recall,1.00,fraction,uc-clinical-20260930-source-civic-supp,"Supplementary Table 1, Diagnostic / Positive, recall",automated_source_review
uc-clinical-20260930-civic-mcp-diagnostic-positive-f1,uc-clinical-20260930-civic-mcp-evaluation,diagnostic_positive_f1,1.00,F1 score,uc-clinical-20260930-source-civic-supp,"Supplementary Table 1, Diagnostic / Positive, f1",automated_source_review
uc-clinical-20260930-civic-mcp-predisposing-uncertain-significance-precision,uc-clinical-20260930-civic-mcp-evaluation,predisposing_uncertain_significance_precision,1.00,fraction,uc-clinical-20260930-source-civic-supp,"Supplementary Table 1, Predisposing / Uncertain Significance, precision",automated_source_review
uc-clinical-20260930-civic-mcp-predisposing-uncertain-significance-recall,uc-clinical-20260930-civic-mcp-evaluation,predisposing_uncertain_significance_recall,0.86,fraction,uc-clinical-20260930-source-civic-supp,"Supplementary Table 1, Predisposing / Uncertain Significance, recall",automated_source_review
uc-clinical-20260930-civic-mcp-predisposing-uncertain-significance-f1,uc-clinical-20260930-civic-mcp-evaluation,predisposing_uncertain_significance_f1,0.92,F1 score,uc-clinical-20260930-source-civic-supp,"Supplementary Table 1, Predisposing / Uncertain Significance, f1",automated_source_review
uc-clinical-20260930-civic-mcp-functional-loss-of-function-precision,uc-clinical-20260930-civic-mcp-evaluation,functional_loss_of_function_precision,1.00,fraction,uc-clinical-20260930-source-civic-supp,"Supplementary Table 1, Functional / Loss of Function, precision",automated_source_review
uc-clinical-20260930-civic-mcp-functional-loss-of-function-recall,uc-clinical-20260930-civic-mcp-evaluation,functional_loss_of_function_recall,1.00,fraction,uc-clinical-20260930-source-civic-supp,"Supplementary Table 1, Functional / Loss of Function, recall",automated_source_review
uc-clinical-20260930-civic-mcp-functional-loss-of-function-f1,uc-clinical-20260930-civic-mcp-evaluation,functional_loss_of_function_f1,1.00,F1 score,uc-clinical-20260930-source-civic-supp,"Supplementary Table 1, Functional / Loss of Function, f1",automated_source_review
uc-clinical-20260930-civic-mcp-functional-gain-of-function-precision,uc-clinical-20260930-civic-mcp-evaluation,functional_gain_of_function_precision,1.00,fraction,uc-clinical-20260930-source-civic-supp,"Supplementary Table 1, Functional / Gain of Function, precision",automated_source_review
uc-clinical-20260930-civic-mcp-functional-gain-of-function-recall,uc-clinical-20260930-civic-mcp-evaluation,functional_gain_of_function_recall,1.00,fraction,uc-clinical-20260930-source-civic-supp,"Supplementary Table 1, Functional / Gain of Function, recall",automated_source_review
uc-clinical-20260930-civic-mcp-functional-gain-of-function-f1,uc-clinical-20260930-civic-mcp-evaluation,functional_gain_of_function_f1,1.00,F1 score,uc-clinical-20260930-source-civic-supp,"Supplementary Table 1, Functional / Gain of Function, f1",automated_source_review
uc-clinical-20260930-civic-mcp-prognostic-better-outcome-precision,uc-clinical-20260930-civic-mcp-evaluation,prognostic_better_outcome_precision,1.00,fraction,uc-clinical-20260930-source-civic-supp,"Supplementary Table 1, Prognostic / Better Outcome, precision",automated_source_review
uc-clinical-20260930-civic-mcp-prognostic-better-outcome-recall,uc-clinical-20260930-civic-mcp-evaluation,prognostic_better_outcome_recall,1.00,fraction,uc-clinical-20260930-source-civic-supp,"Supplementary Table 1, Prognostic / Better Outcome, recall",automated_source_review
uc-clinical-20260930-civic-mcp-prognostic-better-outcome-f1,uc-clinical-20260930-civic-mcp-evaluation,prognostic_better_outcome_f1,1.00,F1 score,uc-clinical-20260930-source-civic-supp,"Supplementary Table 1, Prognostic / Better Outcome, f1",automated_source_review
uc-clinical-20260930-civic-mcp-prognostic-poor-outcome-precision,uc-clinical-20260930-civic-mcp-evaluation,prognostic_poor_outcome_precision,1.00,fraction,uc-clinical-20260930-source-civic-supp,"Supplementary Table 1, Prognostic / Poor Outcome, precision",automated_source_review
uc-clinical-20260930-civic-mcp-prognostic-poor-outcome-recall,uc-clinical-20260930-civic-mcp-evaluation,prognostic_poor_outcome_recall,1.00,fraction,uc-clinical-20260930-source-civic-supp,"Supplementary Table 1, Prognostic / Poor Outcome, recall",automated_source_review
uc-clinical-20260930-civic-mcp-prognostic-poor-outcome-f1,uc-clinical-20260930-civic-mcp-evaluation,prognostic_poor_outcome_f1,1.00,F1 score,uc-clinical-20260930-source-civic-supp,"Supplementary Table 1, Prognostic / Poor Outcome, f1",automated_source_review
uc-clinical-20260930-civic-mcp-functional-dominant-negative-precision,uc-clinical-20260930-civic-mcp-evaluation,functional_dominant_negative_precision,1.00,fraction,uc-clinical-20260930-source-civic-supp,"Supplementary Table 1, Functional / Dominant Negative, precision",automated_source_review
uc-clinical-20260930-civic-mcp-functional-dominant-negative-recall,uc-clinical-20260930-civic-mcp-evaluation,functional_dominant_negative_recall,1.00,fraction,uc-clinical-20260930-source-civic-supp,"Supplementary Table 1, Functional / Dominant Negative, recall",automated_source_review
uc-clinical-20260930-civic-mcp-functional-dominant-negative-f1,uc-clinical-20260930-civic-mcp-evaluation,functional_dominant_negative_f1,1.00,F1 score,uc-clinical-20260930-source-civic-supp,"Supplementary Table 1, Functional / Dominant Negative, f1",automated_source_review
uc-clinical-20260930-civic-mcp-predictive-reduced-sensitivity-precision,uc-clinical-20260930-civic-mcp-evaluation,predictive_reduced_sensitivity_precision,1.00,fraction,uc-clinical-20260930-source-civic-supp,"Supplementary Table 1, Predictive / Reduced Sensitivity, precision",automated_source_review
uc-clinical-20260930-civic-mcp-predictive-reduced-sensitivity-recall,uc-clinical-20260930-civic-mcp-evaluation,predictive_reduced_sensitivity_recall,1.00,fraction,uc-clinical-20260930-source-civic-supp,"Supplementary Table 1, Predictive / Reduced Sensitivity, recall",automated_source_review
uc-clinical-20260930-civic-mcp-predictive-reduced-sensitivity-f1,uc-clinical-20260930-civic-mcp-evaluation,predictive_reduced_sensitivity_f1,1.00,F1 score,uc-clinical-20260930-source-civic-supp,"Supplementary Table 1, Predictive / Reduced Sensitivity, f1",automated_source_review
uc-clinical-20260930-civic-mcp-diagnostic-negative-precision,uc-clinical-20260930-civic-mcp-evaluation,diagnostic_negative_precision,1.00,fraction,uc-clinical-20260930-source-civic-supp,"Supplementary Table 1, Diagnostic / Negative, precision",automated_source_review
uc-clinical-20260930-civic-mcp-diagnostic-negative-recall,uc-clinical-20260930-civic-mcp-evaluation,diagnostic_negative_recall,0.50,fraction,uc-clinical-20260930-source-civic-supp,"Supplementary Table 1, Diagnostic / Negative, recall",automated_source_review
uc-clinical-20260930-civic-mcp-diagnostic-negative-f1,uc-clinical-20260930-civic-mcp-evaluation,diagnostic_negative_f1,0.66,F1 score,uc-clinical-20260930-source-civic-supp,"Supplementary Table 1, Diagnostic / Negative, f1",automated_source_review
uc-clinical-20260930-civic-mcp-functional-unaltered-function-precision,uc-clinical-20260930-civic-mcp-evaluation,functional_unaltered_function_precision,1.00,fraction,uc-clinical-20260930-source-civic-supp,"Supplementary Table 1, Functional / Unaltered Function, precision",automated_source_review
uc-clinical-20260930-civic-mcp-functional-unaltered-function-recall,uc-clinical-20260930-civic-mcp-evaluation,functional_unaltered_function_recall,1.00,fraction,uc-clinical-20260930-source-civic-supp,"Supplementary Table 1, Functional / Unaltered Function, recall",automated_source_review
uc-clinical-20260930-civic-mcp-functional-unaltered-function-f1,uc-clinical-20260930-civic-mcp-evaluation,functional_unaltered_function_f1,1.00,F1 score,uc-clinical-20260930-source-civic-supp,"Supplementary Table 1, Functional / Unaltered Function, f1",automated_source_review
uc-clinical-20260930-civic-alone-predictive-sensitivity-precision,uc-clinical-20260930-civic-alone-evaluation,predictive_sensitivity_precision,0.86,fraction,uc-clinical-20260930-source-civic-supp,"Supplementary Table 2, Predictive / Sensitivity, precision",automated_source_review
uc-clinical-20260930-civic-alone-predictive-sensitivity-recall,uc-clinical-20260930-civic-alone-evaluation,predictive_sensitivity_recall,0.21,fraction,uc-clinical-20260930-source-civic-supp,"Supplementary Table 2, Predictive / Sensitivity, recall",automated_source_review
uc-clinical-20260930-civic-alone-predictive-sensitivity-f1,uc-clinical-20260930-civic-alone-evaluation,predictive_sensitivity_f1,0.34,F1 score,uc-clinical-20260930-source-civic-supp,"Supplementary Table 2, Predictive / Sensitivity, f1",automated_source_review
uc-clinical-20260930-civic-alone-predictive-resistance-precision,uc-clinical-20260930-civic-alone-evaluation,predictive_resistance_precision,0.71,fraction,uc-clinical-20260930-source-civic-supp,"Supplementary Table 2, Predictive / Resistance, precision",automated_source_review
uc-clinical-20260930-civic-alone-predictive-resistance-recall,uc-clinical-20260930-civic-alone-evaluation,predictive_resistance_recall,0.29,fraction,uc-clinical-20260930-source-civic-supp,"Supplementary Table 2, Predictive / Resistance, recall",automated_source_review
uc-clinical-20260930-civic-alone-predictive-resistance-f1,uc-clinical-20260930-civic-alone-evaluation,predictive_resistance_f1,0.42,F1 score,uc-clinical-20260930-source-civic-supp,"Supplementary Table 2, Predictive / Resistance, f1",automated_source_review
uc-clinical-20260930-civic-alone-predisposing-predisposition-precision,uc-clinical-20260930-civic-alone-evaluation,predisposing_predisposition_precision,0.90,fraction,uc-clinical-20260930-source-civic-supp,"Supplementary Table 2, Predisposing / Predisposition, precision",automated_source_review
uc-clinical-20260930-civic-alone-predisposing-predisposition-recall,uc-clinical-20260930-civic-alone-evaluation,predisposing_predisposition_recall,0.69,fraction,uc-clinical-20260930-source-civic-supp,"Supplementary Table 2, Predisposing / Predisposition, recall",automated_source_review
uc-clinical-20260930-civic-alone-predisposing-predisposition-f1,uc-clinical-20260930-civic-alone-evaluation,predisposing_predisposition_f1,0.78,F1 score,uc-clinical-20260930-source-civic-supp,"Supplementary Table 2, Predisposing / Predisposition, f1",automated_source_review
uc-clinical-20260930-civic-alone-oncogenic-oncogenicity-precision,uc-clinical-20260930-civic-alone-evaluation,oncogenic_oncogenicity_precision,0.25,fraction,uc-clinical-20260930-source-civic-supp,"Supplementary Table 2, Oncogenic / Oncogenicity, precision",automated_source_review
uc-clinical-20260930-civic-alone-oncogenic-oncogenicity-recall,uc-clinical-20260930-civic-alone-evaluation,oncogenic_oncogenicity_recall,0.17,fraction,uc-clinical-20260930-source-civic-supp,"Supplementary Table 2, Oncogenic / Oncogenicity, recall",automated_source_review
uc-clinical-20260930-civic-alone-oncogenic-oncogenicity-f1,uc-clinical-20260930-civic-alone-evaluation,oncogenic_oncogenicity_f1,0.2,F1 score,uc-clinical-20260930-source-civic-supp,"Supplementary Table 2, Oncogenic / Oncogenicity, f1",automated_source_review
uc-clinical-20260930-civic-alone-predisposing-n-a-precision,uc-clinical-20260930-civic-alone-evaluation,predisposing_n_a_precision,0.00,fraction,uc-clinical-20260930-source-civic-supp,"Supplementary Table 2, Predisposing / N/A, precision",automated_source_review
uc-clinical-20260930-civic-alone-predisposing-n-a-recall,uc-clinical-20260930-civic-alone-evaluation,predisposing_n_a_recall,0.00,fraction,uc-clinical-20260930-source-civic-supp,"Supplementary Table 2, Predisposing / N/A, recall",automated_source_review
uc-clinical-20260930-civic-alone-predisposing-n-a-f1,uc-clinical-20260930-civic-alone-evaluation,predisposing_n_a_f1,0.00,F1 score,uc-clinical-20260930-source-civic-supp,"Supplementary Table 2, Predisposing / N/A, f1",automated_source_review
uc-clinical-20260930-civic-alone-diagnostic-positive-precision,uc-clinical-20260930-civic-alone-evaluation,diagnostic_positive_precision,1.00,fraction,uc-clinical-20260930-source-civic-supp,"Supplementary Table 2, Diagnostic / Positive, precision",automated_source_review
uc-clinical-20260930-civic-alone-diagnostic-positive-recall,uc-clinical-20260930-civic-alone-evaluation,diagnostic_positive_recall,0.75,fraction,uc-clinical-20260930-source-civic-supp,"Supplementary Table 2, Diagnostic / Positive, recall",automated_source_review
uc-clinical-20260930-civic-alone-diagnostic-positive-f1,uc-clinical-20260930-civic-alone-evaluation,diagnostic_positive_f1,0.86,F1 score,uc-clinical-20260930-source-civic-supp,"Supplementary Table 2, Diagnostic / Positive, f1",automated_source_review
uc-clinical-20260930-civic-alone-predisposing-uncertain-significance-precision,uc-clinical-20260930-civic-alone-evaluation,predisposing_uncertain_significance_precision,0.00,fraction,uc-clinical-20260930-source-civic-supp,"Supplementary Table 2, Predisposing / Uncertain Significance, precision",automated_source_review
uc-clinical-20260930-civic-alone-predisposing-uncertain-significance-recall,uc-clinical-20260930-civic-alone-evaluation,predisposing_uncertain_significance_recall,0.00,fraction,uc-clinical-20260930-source-civic-supp,"Supplementary Table 2, Predisposing / Uncertain Significance, recall",automated_source_review
uc-clinical-20260930-civic-alone-predisposing-uncertain-significance-f1,uc-clinical-20260930-civic-alone-evaluation,predisposing_uncertain_significance_f1,0.00,F1 score,uc-clinical-20260930-source-civic-supp,"Supplementary Table 2, Predisposing / Uncertain Significance, f1",automated_source_review
uc-clinical-20260930-civic-alone-functional-loss-of-function-precision,uc-clinical-20260930-civic-alone-evaluation,functional_loss_of_function_precision,0.60,fraction,uc-clinical-20260930-source-civic-supp,"Supplementary Table 2, Functional / Loss of Function, precision",automated_source_review
uc-clinical-20260930-civic-alone-functional-loss-of-function-recall,uc-clinical-20260930-civic-alone-evaluation,functional_loss_of_function_recall,0.50,fraction,uc-clinical-20260930-source-civic-supp,"Supplementary Table 2, Functional / Loss of Function, recall",automated_source_review
uc-clinical-20260930-civic-alone-functional-loss-of-function-f1,uc-clinical-20260930-civic-alone-evaluation,functional_loss_of_function_f1,0.55,F1 score,uc-clinical-20260930-source-civic-supp,"Supplementary Table 2, Functional / Loss of Function, f1",automated_source_review
uc-clinical-20260930-civic-alone-functional-gain-of-function-precision,uc-clinical-20260930-civic-alone-evaluation,functional_gain_of_function_precision,0.75,fraction,uc-clinical-20260930-source-civic-supp,"Supplementary Table 2, Functional / Gain of Function, precision",automated_source_review
uc-clinical-20260930-civic-alone-functional-gain-of-function-recall,uc-clinical-20260930-civic-alone-evaluation,functional_gain_of_function_recall,0.60,fraction,uc-clinical-20260930-source-civic-supp,"Supplementary Table 2, Functional / Gain of Function, recall",automated_source_review
uc-clinical-20260930-civic-alone-functional-gain-of-function-f1,uc-clinical-20260930-civic-alone-evaluation,functional_gain_of_function_f1,0.67,F1 score,uc-clinical-20260930-source-civic-supp,"Supplementary Table 2, Functional / Gain of Function, f1",automated_source_review
uc-clinical-20260930-civic-alone-prognostic-better-outcome-precision,uc-clinical-20260930-civic-alone-evaluation,prognostic_better_outcome_precision,1.00,fraction,uc-clinical-20260930-source-civic-supp,"Supplementary Table 2, Prognostic / Better Outcome, precision",automated_source_review
uc-clinical-20260930-civic-alone-prognostic-better-outcome-recall,uc-clinical-20260930-civic-alone-evaluation,prognostic_better_outcome_recall,0.60,fraction,uc-clinical-20260930-source-civic-supp,"Supplementary Table 2, Prognostic / Better Outcome, recall",automated_source_review
uc-clinical-20260930-civic-alone-prognostic-better-outcome-f1,uc-clinical-20260930-civic-alone-evaluation,prognostic_better_outcome_f1,0.75,F1 score,uc-clinical-20260930-source-civic-supp,"Supplementary Table 2, Prognostic / Better Outcome, f1",automated_source_review
uc-clinical-20260930-civic-alone-prognostic-poor-outcome-precision,uc-clinical-20260930-civic-alone-evaluation,prognostic_poor_outcome_precision,0.60,fraction,uc-clinical-20260930-source-civic-supp,"Supplementary Table 2, Prognostic / Poor Outcome, precision",automated_source_review
uc-clinical-20260930-civic-alone-prognostic-poor-outcome-recall,uc-clinical-20260930-civic-alone-evaluation,prognostic_poor_outcome_recall,0.60,fraction,uc-clinical-20260930-source-civic-supp,"Supplementary Table 2, Prognostic / Poor Outcome, recall",automated_source_review
uc-clinical-20260930-civic-alone-prognostic-poor-outcome-f1,uc-clinical-20260930-civic-alone-evaluation,prognostic_poor_outcome_f1,0.60,F1 score,uc-clinical-20260930-source-civic-supp,"Supplementary Table 2, Prognostic / Poor Outcome, f1",automated_source_review
uc-clinical-20260930-civic-alone-functional-dominant-negative-precision,uc-clinical-20260930-civic-alone-evaluation,functional_dominant_negative_precision,1.00,fraction,uc-clinical-20260930-source-civic-supp,"Supplementary Table 2, Functional / Dominant Negative, precision",automated_source_review
uc-clinical-20260930-civic-alone-functional-dominant-negative-recall,uc-clinical-20260930-civic-alone-evaluation,functional_dominant_negative_recall,0.50,fraction,uc-clinical-20260930-source-civic-supp,"Supplementary Table 2, Functional / Dominant Negative, recall",automated_source_review
uc-clinical-20260930-civic-alone-functional-dominant-negative-f1,uc-clinical-20260930-civic-alone-evaluation,functional_dominant_negative_f1,0.67,F1 score,uc-clinical-20260930-source-civic-supp,"Supplementary Table 2, Functional / Dominant Negative, f1",automated_source_review
uc-clinical-20260930-civic-alone-predictive-reduced-sensitivity-precision,uc-clinical-20260930-civic-alone-evaluation,predictive_reduced_sensitivity_precision,0.33,fraction,uc-clinical-20260930-source-civic-supp,"Supplementary Table 2, Predictive / Reduced Sensitivity, precision",automated_source_review
uc-clinical-20260930-civic-alone-predictive-reduced-sensitivity-recall,uc-clinical-20260930-civic-alone-evaluation,predictive_reduced_sensitivity_recall,0.33,fraction,uc-clinical-20260930-source-civic-supp,"Supplementary Table 2, Predictive / Reduced Sensitivity, recall",automated_source_review
uc-clinical-20260930-civic-alone-predictive-reduced-sensitivity-f1,uc-clinical-20260930-civic-alone-evaluation,predictive_reduced_sensitivity_f1,0.33,F1 score,uc-clinical-20260930-source-civic-supp,"Supplementary Table 2, Predictive / Reduced Sensitivity, f1",automated_source_review
uc-clinical-20260930-civic-alone-diagnostic-negative-precision,uc-clinical-20260930-civic-alone-evaluation,diagnostic_negative_precision,0.00,fraction,uc-clinical-20260930-source-civic-supp,"Supplementary Table 2, Diagnostic / Negative, precision",automated_source_review
uc-clinical-20260930-civic-alone-diagnostic-negative-recall,uc-clinical-20260930-civic-alone-evaluation,diagnostic_negative_recall,0.00,fraction,uc-clinical-20260930-source-civic-supp,"Supplementary Table 2, Diagnostic / Negative, recall",automated_source_review
uc-clinical-20260930-civic-alone-diagnostic-negative-f1,uc-clinical-20260930-civic-alone-evaluation,diagnostic_negative_f1,0.00,F1 score,uc-clinical-20260930-source-civic-supp,"Supplementary Table 2, Diagnostic / Negative, f1",automated_source_review
uc-clinical-20260930-civic-alone-functional-unaltered-function-precision,uc-clinical-20260930-civic-alone-evaluation,functional_unaltered_function_precision,0.00,fraction,uc-clinical-20260930-source-civic-supp,"Supplementary Table 2, Functional / Unaltered Function, precision",automated_source_review
uc-clinical-20260930-civic-alone-functional-unaltered-function-recall,uc-clinical-20260930-civic-alone-evaluation,functional_unaltered_function_recall,0.00,fraction,uc-clinical-20260930-source-civic-supp,"Supplementary Table 2, Functional / Unaltered Function, recall",automated_source_review
uc-clinical-20260930-civic-alone-functional-unaltered-function-f1,uc-clinical-20260930-civic-alone-evaluation,functional_unaltered_function_f1,0.00,F1 score,uc-clinical-20260930-source-civic-supp,"Supplementary Table 2, Functional / Unaltered Function, f1",automated_source_review
uc-clinical-20260930-civic-agent-predictive-sensitivity-precision,uc-clinical-20260930-civic-agent-evaluation,predictive_sensitivity_precision,1.00,fraction,uc-clinical-20260930-source-civic-supp,"Supplementary Table 3, Predictive / Sensitivity, precision",automated_source_review
uc-clinical-20260930-civic-agent-predictive-sensitivity-recall,uc-clinical-20260930-civic-agent-evaluation,predictive_sensitivity_recall,0.79,fraction,uc-clinical-20260930-source-civic-supp,"Supplementary Table 3, Predictive / Sensitivity, recall",automated_source_review
uc-clinical-20260930-civic-agent-predictive-sensitivity-f1,uc-clinical-20260930-civic-agent-evaluation,predictive_sensitivity_f1,0.88,F1 score,uc-clinical-20260930-source-civic-supp,"Supplementary Table 3, Predictive / Sensitivity, f1",automated_source_review
uc-clinical-20260930-civic-agent-predictive-resistance-precision,uc-clinical-20260930-civic-agent-evaluation,predictive_resistance_precision,1.00,fraction,uc-clinical-20260930-source-civic-supp,"Supplementary Table 3, Predictive / Resistance, precision",automated_source_review
uc-clinical-20260930-civic-agent-predictive-resistance-recall,uc-clinical-20260930-civic-agent-evaluation,predictive_resistance_recall,0.88,fraction,uc-clinical-20260930-source-civic-supp,"Supplementary Table 3, Predictive / Resistance, recall",automated_source_review
uc-clinical-20260930-civic-agent-predictive-resistance-f1,uc-clinical-20260930-civic-agent-evaluation,predictive_resistance_f1,0.94,F1 score,uc-clinical-20260930-source-civic-supp,"Supplementary Table 3, Predictive / Resistance, f1",automated_source_review
uc-clinical-20260930-civic-agent-predisposing-predisposition-precision,uc-clinical-20260930-civic-agent-evaluation,predisposing_predisposition_precision,0.93,fraction,uc-clinical-20260930-source-civic-supp,"Supplementary Table 3, Predisposing / Predisposition, precision",automated_source_review
uc-clinical-20260930-civic-agent-predisposing-predisposition-recall,uc-clinical-20260930-civic-agent-evaluation,predisposing_predisposition_recall,1.00,fraction,uc-clinical-20260930-source-civic-supp,"Supplementary Table 3, Predisposing / Predisposition, recall",automated_source_review
uc-clinical-20260930-civic-agent-predisposing-predisposition-f1,uc-clinical-20260930-civic-agent-evaluation,predisposing_predisposition_f1,0.96,F1 score,uc-clinical-20260930-source-civic-supp,"Supplementary Table 3, Predisposing / Predisposition, f1",automated_source_review
uc-clinical-20260930-civic-agent-oncogenic-oncogenicity-precision,uc-clinical-20260930-civic-agent-evaluation,oncogenic_oncogenicity_precision,0.92,fraction,uc-clinical-20260930-source-civic-supp,"Supplementary Table 3, Oncogenic / Oncogenicity, precision",automated_source_review
uc-clinical-20260930-civic-agent-oncogenic-oncogenicity-recall,uc-clinical-20260930-civic-agent-evaluation,oncogenic_oncogenicity_recall,1.00,fraction,uc-clinical-20260930-source-civic-supp,"Supplementary Table 3, Oncogenic / Oncogenicity, recall",automated_source_review
uc-clinical-20260930-civic-agent-oncogenic-oncogenicity-f1,uc-clinical-20260930-civic-agent-evaluation,oncogenic_oncogenicity_f1,0.96,F1 score,uc-clinical-20260930-source-civic-supp,"Supplementary Table 3, Oncogenic / Oncogenicity, f1",automated_source_review
uc-clinical-20260930-civic-agent-predisposing-n-a-precision,uc-clinical-20260930-civic-agent-evaluation,predisposing_n_a_precision,1.00,fraction,uc-clinical-20260930-source-civic-supp,"Supplementary Table 3, Predisposing / N/A, precision",automated_source_review
uc-clinical-20260930-civic-agent-predisposing-n-a-recall,uc-clinical-20260930-civic-agent-evaluation,predisposing_n_a_recall,0.78,fraction,uc-clinical-20260930-source-civic-supp,"Supplementary Table 3, Predisposing / N/A, recall",automated_source_review
uc-clinical-20260930-civic-agent-predisposing-n-a-f1,uc-clinical-20260930-civic-agent-evaluation,predisposing_n_a_f1,0.88,F1 score,uc-clinical-20260930-source-civic-supp,"Supplementary Table 3, Predisposing / N/A, f1",automated_source_review
uc-clinical-20260930-civic-agent-diagnostic-positive-precision,uc-clinical-20260930-civic-agent-evaluation,diagnostic_positive_precision,0.89,fraction,uc-clinical-20260930-source-civic-supp,"Supplementary Table 3, Diagnostic / Positive, precision",automated_source_review
uc-clinical-20260930-civic-agent-diagnostic-positive-recall,uc-clinical-20260930-civic-agent-evaluation,diagnostic_positive_recall,1.00,fraction,uc-clinical-20260930-source-civic-supp,"Supplementary Table 3, Diagnostic / Positive, recall",automated_source_review
uc-clinical-20260930-civic-agent-diagnostic-positive-f1,uc-clinical-20260930-civic-agent-evaluation,diagnostic_positive_f1,0.94,F1 score,uc-clinical-20260930-source-civic-supp,"Supplementary Table 3, Diagnostic / Positive, f1",automated_source_review
uc-clinical-20260930-civic-agent-predisposing-uncertain-significance-precision,uc-clinical-20260930-civic-agent-evaluation,predisposing_uncertain_significance_precision,1.00,fraction,uc-clinical-20260930-source-civic-supp,"Supplementary Table 3, Predisposing / Uncertain Significance, precision",automated_source_review
uc-clinical-20260930-civic-agent-predisposing-uncertain-significance-recall,uc-clinical-20260930-civic-agent-evaluation,predisposing_uncertain_significance_recall,0.86,fraction,uc-clinical-20260930-source-civic-supp,"Supplementary Table 3, Predisposing / Uncertain Significance, recall",automated_source_review
uc-clinical-20260930-civic-agent-predisposing-uncertain-significance-f1,uc-clinical-20260930-civic-agent-evaluation,predisposing_uncertain_significance_f1,0.92,F1 score,uc-clinical-20260930-source-civic-supp,"Supplementary Table 3, Predisposing / Uncertain Significance, f1",automated_source_review
uc-clinical-20260930-civic-agent-functional-loss-of-function-precision,uc-clinical-20260930-civic-agent-evaluation,functional_loss_of_function_precision,0.86,fraction,uc-clinical-20260930-source-civic-supp,"Supplementary Table 3, Functional / Loss of Function, precision",automated_source_review
uc-clinical-20260930-civic-agent-functional-loss-of-function-recall,uc-clinical-20260930-civic-agent-evaluation,functional_loss_of_function_recall,1.00,fraction,uc-clinical-20260930-source-civic-supp,"Supplementary Table 3, Functional / Loss of Function, recall",automated_source_review
uc-clinical-20260930-civic-agent-functional-loss-of-function-f1,uc-clinical-20260930-civic-agent-evaluation,functional_loss_of_function_f1,0.92,F1 score,uc-clinical-20260930-source-civic-supp,"Supplementary Table 3, Functional / Loss of Function, f1",automated_source_review
uc-clinical-20260930-civic-agent-functional-gain-of-function-precision,uc-clinical-20260930-civic-agent-evaluation,functional_gain_of_function_precision,0.75,fraction,uc-clinical-20260930-source-civic-supp,"Supplementary Table 3, Functional / Gain of Function, precision",automated_source_review
uc-clinical-20260930-civic-agent-functional-gain-of-function-recall,uc-clinical-20260930-civic-agent-evaluation,functional_gain_of_function_recall,0.60,fraction,uc-clinical-20260930-source-civic-supp,"Supplementary Table 3, Functional / Gain of Function, recall",automated_source_review
uc-clinical-20260930-civic-agent-functional-gain-of-function-f1,uc-clinical-20260930-civic-agent-evaluation,functional_gain_of_function_f1,0.67,F1 score,uc-clinical-20260930-source-civic-supp,"Supplementary Table 3, Functional / Gain of Function, f1",automated_source_review
uc-clinical-20260930-civic-agent-prognostic-better-outcome-precision,uc-clinical-20260930-civic-agent-evaluation,prognostic_better_outcome_precision,1.00,fraction,uc-clinical-20260930-source-civic-supp,"Supplementary Table 3, Prognostic / Better Outcome, precision",automated_source_review
uc-clinical-20260930-civic-agent-prognostic-better-outcome-recall,uc-clinical-20260930-civic-agent-evaluation,prognostic_better_outcome_recall,1.00,fraction,uc-clinical-20260930-source-civic-supp,"Supplementary Table 3, Prognostic / Better Outcome, recall",automated_source_review
uc-clinical-20260930-civic-agent-prognostic-better-outcome-f1,uc-clinical-20260930-civic-agent-evaluation,prognostic_better_outcome_f1,1.00,F1 score,uc-clinical-20260930-source-civic-supp,"Supplementary Table 3, Prognostic / Better Outcome, f1",automated_source_review
uc-clinical-20260930-civic-agent-prognostic-poor-outcome-precision,uc-clinical-20260930-civic-agent-evaluation,prognostic_poor_outcome_precision,1.00,fraction,uc-clinical-20260930-source-civic-supp,"Supplementary Table 3, Prognostic / Poor Outcome, precision",automated_source_review
uc-clinical-20260930-civic-agent-prognostic-poor-outcome-recall,uc-clinical-20260930-civic-agent-evaluation,prognostic_poor_outcome_recall,0.80,fraction,uc-clinical-20260930-source-civic-supp,"Supplementary Table 3, Prognostic / Poor Outcome, recall",automated_source_review
uc-clinical-20260930-civic-agent-prognostic-poor-outcome-f1,uc-clinical-20260930-civic-agent-evaluation,prognostic_poor_outcome_f1,0.89,F1 score,uc-clinical-20260930-source-civic-supp,"Supplementary Table 3, Prognostic / Poor Outcome, f1",automated_source_review
uc-clinical-20260930-civic-agent-functional-dominant-negative-precision,uc-clinical-20260930-civic-agent-evaluation,functional_dominant_negative_precision,1.00,fraction,uc-clinical-20260930-source-civic-supp,"Supplementary Table 3, Functional / Dominant Negative, precision",automated_source_review
uc-clinical-20260930-civic-agent-functional-dominant-negative-recall,uc-clinical-20260930-civic-agent-evaluation,functional_dominant_negative_recall,1.00,fraction,uc-clinical-20260930-source-civic-supp,"Supplementary Table 3, Functional / Dominant Negative, recall",automated_source_review
uc-clinical-20260930-civic-agent-functional-dominant-negative-f1,uc-clinical-20260930-civic-agent-evaluation,functional_dominant_negative_f1,1.00,F1 score,uc-clinical-20260930-source-civic-supp,"Supplementary Table 3, Functional / Dominant Negative, f1",automated_source_review
uc-clinical-20260930-civic-agent-predictive-reduced-sensitivity-precision,uc-clinical-20260930-civic-agent-evaluation,predictive_reduced_sensitivity_precision,1.00,fraction,uc-clinical-20260930-source-civic-supp,"Supplementary Table 3, Predictive / Reduced Sensitivity, precision",automated_source_review
uc-clinical-20260930-civic-agent-predictive-reduced-sensitivity-recall,uc-clinical-20260930-civic-agent-evaluation,predictive_reduced_sensitivity_recall,1.00,fraction,uc-clinical-20260930-source-civic-supp,"Supplementary Table 3, Predictive / Reduced Sensitivity, recall",automated_source_review
uc-clinical-20260930-civic-agent-predictive-reduced-sensitivity-f1,uc-clinical-20260930-civic-agent-evaluation,predictive_reduced_sensitivity_f1,1.00,F1 score,uc-clinical-20260930-source-civic-supp,"Supplementary Table 3, Predictive / Reduced Sensitivity, f1",automated_source_review
uc-clinical-20260930-civic-agent-diagnostic-negative-precision,uc-clinical-20260930-civic-agent-evaluation,diagnostic_negative_precision,0.00,fraction,uc-clinical-20260930-source-civic-supp,"Supplementary Table 3, Diagnostic / Negative, precision",automated_source_review
uc-clinical-20260930-civic-agent-diagnostic-negative-recall,uc-clinical-20260930-civic-agent-evaluation,diagnostic_negative_recall,0.00,fraction,uc-clinical-20260930-source-civic-supp,"Supplementary Table 3, Diagnostic / Negative, recall",automated_source_review
uc-clinical-20260930-civic-agent-diagnostic-negative-f1,uc-clinical-20260930-civic-agent-evaluation,diagnostic_negative_f1,0.00,F1 score,uc-clinical-20260930-source-civic-supp,"Supplementary Table 3, Diagnostic / Negative, f1",automated_source_review
uc-clinical-20260930-civic-agent-functional-unaltered-function-precision,uc-clinical-20260930-civic-agent-evaluation,functional_unaltered_function_precision,1.00,fraction,uc-clinical-20260930-source-civic-supp,"Supplementary Table 3, Functional / Unaltered Function, precision",automated_source_review
uc-clinical-20260930-civic-agent-functional-unaltered-function-recall,uc-clinical-20260930-civic-agent-evaluation,functional_unaltered_function_recall,1.00,fraction,uc-clinical-20260930-source-civic-supp,"Supplementary Table 3, Functional / Unaltered Function, recall",automated_source_review
uc-clinical-20260930-civic-agent-functional-unaltered-function-f1,uc-clinical-20260930-civic-agent-evaluation,functional_unaltered_function_f1,1.00,F1 score,uc-clinical-20260930-source-civic-supp,"Supplementary Table 3, Functional / Unaltered Function, f1",automated_source_review
