record_id,kind,field,before_status,before_value,after_status,after_value,outcome,source_ids,source_locator,review_method,review_date,source_urls
catalog-model-dnabert-2,model,Reference checkpoint,unextracted,,source_checked,DNABERT-2-117M: Hugging Face revision 7bce263b15377fc15361f52cfab88f8b586abda0. Its pytorch_model.bin has registry-reported SHA-256 7ff39ec77a484dd01070a41bfd6e95cdd7247bec80fe357ab43a4be33687aeba. The weight file was not downloaded for this review.,source_checked,profile-review-20260923-dnabert2-release,sha; siblings[pytorch_model.bin].lfs.sha256,automated_source_review,2026-09-23,https://huggingface.co/api/models/zhihan1996/DNABERT-2-117M/revision/7bce263b15377fc15361f52cfab88f8b586abda0?blobs=true
catalog-model-dnabert-2,model,Context limits,source_checked,"ALiBi permits inference beyond the pretraining sequence length, subject to attention/memory cost; this does not establish unlimited biological context or validated accuracy at arbitrary lengths.",source_checked,"The paper describes pretraining on 700-base sequences and evaluates 5,000–10,000-base GUE+ inputs after fine-tuning. This does not establish frozen-model accuracy at those lengths; tokenisation, truncation and adaptation must be specified.",source_checked,profile-review-20260923-dnabert2-paper-v2,"Section5.4 Results on GUE+, printed p10; Table2 input lengths",automated_source_review,2026-09-23,https://arxiv.org/pdf/2306.15006v2
catalog-model-dnabert-2,model,Training cutoff,unreported,The paper identifies the human and multispecies genome corpora but does not state one latest-sequence deposition date in its reviewed pretraining-data sections.,unreported,Section4.1 identifies the human and 135-species corpora but does not establish a latest-sequence deposition date. The model repository revision is not a training-data cutoff.,bounded_unknown,profile-review-20260923-dnabert2-paper-v2,Section4.1; Table11,automated_source_review,2026-09-23,https://arxiv.org/pdf/2306.15006v2
catalog-model-dnabert-2,model,Further pretraining,unextracted,,source_checked,The diamond-marked DNABERT-2 variant receives additional masked-language-model training on GUE training sets. It must be distinguished from the base pretrained model in comparisons.,source_checked,profile-review-20260923-dnabert2-paper-v2,Section5.2FurtherPreTraining; Table3caption,automated_source_review,2026-09-23,https://arxiv.org/pdf/2306.15006v2
catalog-model-esm-2,model,Reference checkpoint,unextracted,,source_checked,"Example release: facebook/esm2_t33_650M_UR50D at 08e4846e537177426273712802403f7ba8261b6c. Its model.safetensors has registry-reported SHA-256 a08adabb949fa67ad3c14b509d04fd60368b35007b0095e3358f81200c4f4db0. This identifies a downloadable 650M checkpoint, not every ESM-2 evaluation.",source_checked,profile-review-20260923-esm2-release,sha; siblings[model.safetensors].lfs.sha256,automated_source_review,2026-09-23,https://huggingface.co/api/models/facebook/esm2_t33_650M_UR50D/revision/08e4846e537177426273712802403f7ba8261b6c?blobs=true
catalog-model-esm-2,model,Context limits,source_checked,"The checked esm2_t33_650M_UR50D configuration lists max_position_embeddings=1,026. This configuration field includes model positions and is not a claim of training or validated inference on 1,026 amino acids.",source_checked,"The official extraction script truncates to 1,022 residues by default; --truncation_seq_length is configurable. This workflow default is not a universal architecture or validated biological-context limit.",source_checked,profile-review-20260923-esm2-extract,create_parser: --truncation_seq_length; run: get_batch_converter,automated_source_review,2026-09-23,https://github.com/facebookresearch/esm/blob/2b369911bb5b4b0dda914521b9475cad1656b2ac/scripts/extract.py
catalog-model-esm-2,model,Training data release,unextracted,,source_checked,The official pretrained-model table labels ESM-2 training data UR50/D 2021_04.,source_checked,evidence-official-29d4b229a3aa426a6dfb,"README: Pre-trained Models table, ESM-2 rows",automated_source_review,2026-09-23,https://github.com/facebookresearch/esm/blob/2b369911bb5b4b0dda914521b9475cad1656b2ac/README.md
catalog-model-esm-2,model,Training cutoff,source_checked,The pretrained-model table identifies training-data release UR50/D 2021_04; a corpus release date is not necessarily a last-deposited-sequence cutoff.,unreported,"The inspected official table establishes an April 2021 UniRef release, but no separate latest-deposited-sequence date. Keep the corpus release distinct from a temporal leakage guarantee.",bounded_unknown,evidence-official-29d4b229a3aa426a6dfb,README: Pre-trained Models and Pre-training Dataset Split,automated_source_review,2026-09-23,https://github.com/facebookresearch/esm/blob/2b369911bb5b4b0dda914521b9475cad1656b2ac/README.md
catalog-model-rna-fm,model,Checkpoint identification,unextracted,,unreported,The official rna_fm_t12 loader downloads RNA-FM_pretrained.pth from the authors’ server. The inspected loader does not pin a checkpoint revision or publish a digest; a code commit alone cannot identify the bytes used by a published evaluation.,bounded_unknown,profile-review-20260923-rnafm-loader,"load_fm_model_and_alphabet_hub: rna_fm_t12 branch, lines155–162",automated_source_review,2026-09-23,https://github.com/ml4bio/RNA-FM/blob/348951516e0963d22bbb33b3c9fc18c89081d38e/fm/pretrained.py
catalog-model-rna-fm,model,Training cutoff,unreported,"The inspected Methods and official README do not establish an exact dated RNAcentral release. RNAcentral100 is the authors’ processed-corpus label, not a verified release number.",unreported,"The original Methods describe RNAcentral100 preprocessing but do not establish a dated RNAcentral release. RNAcentral100 is a processed-corpus label, not a release number.",bounded_unknown,evidence-final-model-rna-fm-paper,"arXiv2204.00300v5, Methods: Large-scale pre-training dataset, p22",automated_source_review,2026-09-23,https://arxiv.org/pdf/2204.00300v5
catalog-model-rna-fm,model,Weights licence,unreported,Separate checkpoint-distribution terms are not stated in the inspected release documentation and licence material. The source-code licence alone is not recorded as an explicit weight grant.,unreported,"The official model-comparison table labels RNA-FM MIT, while the README footer explicitly refers to source code. Separate checkpoint-distribution terms remain unverified; the linked weight repository could not be retrieved during this review.",bounded_unknown,evidence-official-fd8e332abdf04a75195b;evidence-official-3fde3df73e79e455bd86;profile-review-20260923-rnafm-loader,"README: Related RNA Language Models, RNA-FM row; License footer; LICENSE. Linked https://huggingface.co/ml4bio/RNA-FM returned HTTP401 during the review.",automated_source_review,2026-09-23,https://github.com/ml4bio/RNA-FM/blob/348951516e0963d22bbb33b3c9fc18c89081d38e/README.md;https://github.com/ml4bio/RNA-FM/blob/348951516e0963d22bbb33b3c9fc18c89081d38e/LICENSE;https://github.com/ml4bio/RNA-FM/blob/348951516e0963d22bbb33b3c9fc18c89081d38e/fm/pretrained.py
discovery-model-dnabert-2,model,Reference checkpoint,unextracted,,source_checked,DNABERT-2-117M: Hugging Face revision 7bce263b15377fc15361f52cfab88f8b586abda0. Its pytorch_model.bin has registry-reported SHA-256 7ff39ec77a484dd01070a41bfd6e95cdd7247bec80fe357ab43a4be33687aeba. The weight file was not downloaded for this review.,source_checked,profile-review-20260923-dnabert2-release,sha; siblings[pytorch_model.bin].lfs.sha256,automated_source_review,2026-09-23,https://huggingface.co/api/models/zhihan1996/DNABERT-2-117M/revision/7bce263b15377fc15361f52cfab88f8b586abda0?blobs=true
discovery-model-dnabert-2,model,Context limits,source_checked,"ALiBi permits inference beyond the pretraining sequence length, subject to attention/memory cost; this does not establish unlimited biological context or validated accuracy at arbitrary lengths.",source_checked,"The paper describes pretraining on 700-base sequences and evaluates 5,000–10,000-base GUE+ inputs after fine-tuning. This does not establish frozen-model accuracy at those lengths; tokenisation, truncation and adaptation must be specified.",source_checked,profile-review-20260923-dnabert2-paper-v2,"Section5.4 Results on GUE+, printed p10; Table2 input lengths",automated_source_review,2026-09-23,https://arxiv.org/pdf/2306.15006v2
discovery-model-dnabert-2,model,Training cutoff,unreported,The paper identifies the human and multispecies genome corpora but does not state one latest-sequence deposition date in its reviewed pretraining-data sections.,unreported,Section4.1 identifies the human and 135-species corpora but does not establish a latest-sequence deposition date. The model repository revision is not a training-data cutoff.,bounded_unknown,profile-review-20260923-dnabert2-paper-v2,Section4.1; Table11,automated_source_review,2026-09-23,https://arxiv.org/pdf/2306.15006v2
discovery-model-dnabert-2,model,Further pretraining,unextracted,,source_checked,The diamond-marked DNABERT-2 variant receives additional masked-language-model training on GUE training sets. It must be distinguished from the base pretrained model in comparisons.,source_checked,profile-review-20260923-dnabert2-paper-v2,Section5.2FurtherPreTraining; Table3caption,automated_source_review,2026-09-23,https://arxiv.org/pdf/2306.15006v2
discovery-model-esm-2,model,Reference checkpoint,unextracted,,source_checked,"Example release: facebook/esm2_t33_650M_UR50D at 08e4846e537177426273712802403f7ba8261b6c. Its model.safetensors has registry-reported SHA-256 a08adabb949fa67ad3c14b509d04fd60368b35007b0095e3358f81200c4f4db0. This identifies a downloadable 650M checkpoint, not every ESM-2 evaluation.",source_checked,profile-review-20260923-esm2-release,sha; siblings[model.safetensors].lfs.sha256,automated_source_review,2026-09-23,https://huggingface.co/api/models/facebook/esm2_t33_650M_UR50D/revision/08e4846e537177426273712802403f7ba8261b6c?blobs=true
discovery-model-esm-2,model,Context limits,source_checked,"The checked esm2_t33_650M_UR50D configuration lists max_position_embeddings=1,026. This configuration field includes model positions and is not a claim of training or validated inference on 1,026 amino acids.",source_checked,"The official extraction script truncates to 1,022 residues by default; --truncation_seq_length is configurable. This workflow default is not a universal architecture or validated biological-context limit.",source_checked,profile-review-20260923-esm2-extract,create_parser: --truncation_seq_length; run: get_batch_converter,automated_source_review,2026-09-23,https://github.com/facebookresearch/esm/blob/2b369911bb5b4b0dda914521b9475cad1656b2ac/scripts/extract.py
discovery-model-esm-2,model,Training data release,unextracted,,source_checked,The official pretrained-model table labels ESM-2 training data UR50/D 2021_04.,source_checked,evidence-official-29d4b229a3aa426a6dfb,"README: Pre-trained Models table, ESM-2 rows",automated_source_review,2026-09-23,https://github.com/facebookresearch/esm/blob/2b369911bb5b4b0dda914521b9475cad1656b2ac/README.md
discovery-model-esm-2,model,Training cutoff,source_checked,The pretrained-model table identifies training-data release UR50/D 2021_04; a corpus release date is not necessarily a last-deposited-sequence cutoff.,unreported,"The inspected official table establishes an April 2021 UniRef release, but no separate latest-deposited-sequence date. Keep the corpus release distinct from a temporal leakage guarantee.",bounded_unknown,evidence-official-29d4b229a3aa426a6dfb,README: Pre-trained Models and Pre-training Dataset Split,automated_source_review,2026-09-23,https://github.com/facebookresearch/esm/blob/2b369911bb5b4b0dda914521b9475cad1656b2ac/README.md
discovery-model-rna-fm,model,Checkpoint identification,unextracted,,unreported,The official rna_fm_t12 loader downloads RNA-FM_pretrained.pth from the authors’ server. The inspected loader does not pin a checkpoint revision or publish a digest; a code commit alone cannot identify the bytes used by a published evaluation.,bounded_unknown,profile-review-20260923-rnafm-loader,"load_fm_model_and_alphabet_hub: rna_fm_t12 branch, lines155–162",automated_source_review,2026-09-23,https://github.com/ml4bio/RNA-FM/blob/348951516e0963d22bbb33b3c9fc18c89081d38e/fm/pretrained.py
discovery-model-rna-fm,model,Training cutoff,unreported,"The inspected Methods and official README do not establish an exact dated RNAcentral release. RNAcentral100 is the authors’ processed-corpus label, not a verified release number.",unreported,"The original Methods describe RNAcentral100 preprocessing but do not establish a dated RNAcentral release. RNAcentral100 is a processed-corpus label, not a release number.",bounded_unknown,evidence-final-model-rna-fm-paper,"arXiv2204.00300v5, Methods: Large-scale pre-training dataset, p22",automated_source_review,2026-09-23,https://arxiv.org/pdf/2204.00300v5
discovery-model-rna-fm,model,Weights licence,unreported,Separate checkpoint-distribution terms are not stated in the inspected release documentation and licence material. The source-code licence alone is not recorded as an explicit weight grant.,unreported,"The official model-comparison table labels RNA-FM MIT, while the README footer explicitly refers to source code. Separate checkpoint-distribution terms remain unverified; the linked weight repository could not be retrieved during this review.",bounded_unknown,evidence-official-fd8e332abdf04a75195b;evidence-official-3fde3df73e79e455bd86;profile-review-20260923-rnafm-loader,"README: Related RNA Language Models, RNA-FM row; License footer; LICENSE. Linked https://huggingface.co/ml4bio/RNA-FM returned HTTP401 during the review.",automated_source_review,2026-09-23,https://github.com/ml4bio/RNA-FM/blob/348951516e0963d22bbb33b3c9fc18c89081d38e/README.md;https://github.com/ml4bio/RNA-FM/blob/348951516e0963d22bbb33b3c9fc18c89081d38e/LICENSE;https://github.com/ml4bio/RNA-FM/blob/348951516e0963d22bbb33b3c9fc18c89081d38e/fm/pretrained.py
catalog-model-scgpt,model,Training data,source_checked,"The current whole-human model-zoo checkpoint uses 33M normal human cells, alongside separately released organ-specific and pan-cancer models. The earlier May 2023 preprint describes 10M training cells; its corpus is not the current checkpoint corpus.",source_checked,The official whole-human release is described as pretrained on 33 million normal human cells. The corpus-construction documentation names CELLxGENE Census 2023-05-08 and filters disease=normal. The author later clarified that 2023-05-15 was assumed to be a similar replacement after the earlier snapshot disappeared; exact equality was not established.,source_checked,evidence-official-0e4dac85aa0e0ff1d4b2;profile-evidence-20260923-scgpt-data-readme-md;profile-evidence-20260923-scgpt-data-config-py;profile-evidence-20260923-scgpt-issue233-json,"README.md lines58-62, whole-human row; data/cellxgene/README.md Configure Query List, VERSION bullet; data_config.py VERSION and VALUE_FILTER; issue233 comment2261459134 by repository MEMBER subercui, 2024-07-31.",automated_source_review,2026-09-23,https://github.com/bowang-lab/scGPT/blob/cebd6fae655b9c585a4807daa3ac31bb764f06b4/README.md;https://raw.githubusercontent.com/bowang-lab/scGPT/cebd6fae655b9c585a4807daa3ac31bb764f06b4/data/cellxgene/README.md;https://raw.githubusercontent.com/bowang-lab/scGPT/cebd6fae655b9c585a4807daa3ac31bb764f06b4/data/cellxgene/data_config.py;https://github.com/bowang-lab/scGPT/issues/233#issuecomment-2261459134
catalog-model-scgpt,model,Training cutoff,unreported,The reviewed early manuscript and current whole-human model-zoo entry describe different corpora; neither supplies a shared latest-study date for the current checkpoint.,unreported,"The historical corpus date is documented as CELLxGENE 2023-05-08, with a later 2023-05-15 replacement ambiguity. Neither is a verified latest-study date for every trained cell. The archived corpus and evaluated checkpoint must be identified separately.",bounded_unknown,profile-evidence-20260923-scgpt-data-readme-md;profile-evidence-20260923-scgpt-issue233-json,data/cellxgene/README.md VERSION bullet; issue233 comment2261459134 (author distinguishes historical snapshot from presumed replacement).,automated_source_review,2026-09-23,https://raw.githubusercontent.com/bowang-lab/scGPT/cebd6fae655b9c585a4807daa3ac31bb764f06b4/data/cellxgene/README.md;https://github.com/bowang-lab/scGPT/issues/233#issuecomment-2261459134
catalog-model-scgpt,model,Context limits,unreported,The implementation accepts variable gene sets matched to its vocabulary. The reviewed model-zoo entry does not specify one validated maximum gene sequence for the current whole-human checkpoint.,source_checked,"The official embed_data workflow defaults to max_length=1200 input tokens and allows the caller to change it. This is an embedding-workflow setting, not a validated universal context ceiling or proof of the setting used in a published evaluation.",source_checked,profile-evidence-20260923-scgpt-cell-emb-py,scgpt/tasks/cell_emb.py embed_data signature lines148-167; get_batch_cell_embeddings max_length handling and DataCollator.,automated_source_review,2026-09-23,https://raw.githubusercontent.com/bowang-lab/scGPT/cebd6fae655b9c585a4807daa3ac31bb764f06b4/scgpt/tasks/cell_emb.py
catalog-model-scgpt,model,Parameters,unreported,"The May 2023 model has 12 transformer blocks, width 512 and eight heads. The inspected current model-zoo table does not state the exact parameter total of its separate 33M-cell checkpoint.",unreported,"No exact whole-human checkpoint parameter total is stated in the inspected official README, embedding loader or journal supplement. The loader reads architecture settings from the selected checkpoint’s args.json; a family label alone does not identify its weights or task heads.",bounded_unknown,evidence-official-0e4dac85aa0e0ff1d4b2;profile-evidence-20260923-scgpt-cell-emb-py;profile-evidence-20260923-scgpt-supp-pdf,README Pretrained scGPT Model Zoo; cell_emb.py lines202-247 args.json loading and TransformerModel construction; complete original supplementary PDF inspected for parameter totals.,automated_source_review,2026-09-23,https://github.com/bowang-lab/scGPT/blob/cebd6fae655b9c585a4807daa3ac31bb764f06b4/README.md;https://raw.githubusercontent.com/bowang-lab/scGPT/cebd6fae655b9c585a4807daa3ac31bb764f06b4/scgpt/tasks/cell_emb.py;https://static-content.springer.com/esm/art%3A10.1038%2Fs41592-024-02201-0/MediaObjects/41592_2024_2201_MOESM1_ESM.pdf
catalog-model-scgpt,model,Code licence,source_checked,MIT,source_checked,MIT for the repository code at commit cebd6fae655b9c585a4807daa3ac31bb764f06b4.,source_checked,evidence-official-43484d4de29aacd65ed7,"LICENSE, MIT grant and copyright notice.",automated_source_review,2026-09-23,https://github.com/bowang-lab/scGPT/blob/cebd6fae655b9c585a4807daa3ac31bb764f06b4/LICENSE
catalog-model-scgpt,model,Weights licence,unreported,Separate checkpoint-distribution terms are not stated in the inspected release documentation and licence material. The source-code licence alone is not recorded as an explicit weight grant.,unreported,The inspected official model-zoo download table does not state a separate licence grant for the downloaded whole-human checkpoint. The repository MIT code licence is recorded separately; it is not treated as proof of explicit checkpoint-distribution terms.,bounded_unknown,evidence-official-0e4dac85aa0e0ff1d4b2;evidence-official-43484d4de29aacd65ed7,README Pretrained scGPT Model Zoo checkpoint-folder links; LICENSE software grant.,automated_source_review,2026-09-23,https://github.com/bowang-lab/scGPT/blob/cebd6fae655b9c585a4807daa3ac31bb764f06b4/README.md;https://github.com/bowang-lab/scGPT/blob/cebd6fae655b9c585a4807daa3ac31bb764f06b4/LICENSE
catalog-model-scgpt,model,Known versions,source_checked,The May 2023 preprint reports an early 10M-cell model. The current whole-human checkpoint table reports 33M normal human cells; these sources describe different releases.,source_checked,"Whole-human, blood, brain, heart, kidney, lung, pan-cancer and additional organ-specific checkpoint folders are listed separately. An evaluation needs its downloaded weights, args.json and vocabulary; current documentation is not an evaluated checkpoint hash.",source_checked,evidence-official-0e4dac85aa0e0ff1d4b2;profile-evidence-20260923-scgpt-cell-emb-py,"README Pretrained scGPT Model Zoo; cell_emb.py lines202-247 model configuration, vocabulary and checkpoint loading.",automated_source_review,2026-09-23,https://github.com/bowang-lab/scGPT/blob/cebd6fae655b9c585a4807daa3ac31bb764f06b4/README.md;https://raw.githubusercontent.com/bowang-lab/scGPT/cebd6fae655b9c585a4807daa3ac31bb764f06b4/scgpt/tasks/cell_emb.py
discovery-model-scgpt,model,Training data,source_checked,"The current whole-human model-zoo checkpoint uses 33M normal human cells, alongside separately released organ-specific and pan-cancer models. The earlier May 2023 preprint describes 10M training cells; its corpus is not the current checkpoint corpus.",source_checked,The official whole-human release is described as pretrained on 33 million normal human cells. The corpus-construction documentation names CELLxGENE Census 2023-05-08 and filters disease=normal. The author later clarified that 2023-05-15 was assumed to be a similar replacement after the earlier snapshot disappeared; exact equality was not established.,source_checked,evidence-official-0e4dac85aa0e0ff1d4b2;profile-evidence-20260923-scgpt-data-readme-md;profile-evidence-20260923-scgpt-data-config-py;profile-evidence-20260923-scgpt-issue233-json,"README.md lines58-62, whole-human row; data/cellxgene/README.md Configure Query List, VERSION bullet; data_config.py VERSION and VALUE_FILTER; issue233 comment2261459134 by repository MEMBER subercui, 2024-07-31.",automated_source_review,2026-09-23,https://github.com/bowang-lab/scGPT/blob/cebd6fae655b9c585a4807daa3ac31bb764f06b4/README.md;https://raw.githubusercontent.com/bowang-lab/scGPT/cebd6fae655b9c585a4807daa3ac31bb764f06b4/data/cellxgene/README.md;https://raw.githubusercontent.com/bowang-lab/scGPT/cebd6fae655b9c585a4807daa3ac31bb764f06b4/data/cellxgene/data_config.py;https://github.com/bowang-lab/scGPT/issues/233#issuecomment-2261459134
discovery-model-scgpt,model,Training cutoff,unreported,The reviewed early manuscript and current whole-human model-zoo entry describe different corpora; neither supplies a shared latest-study date for the current checkpoint.,unreported,"The historical corpus date is documented as CELLxGENE 2023-05-08, with a later 2023-05-15 replacement ambiguity. Neither is a verified latest-study date for every trained cell. The archived corpus and evaluated checkpoint must be identified separately.",bounded_unknown,profile-evidence-20260923-scgpt-data-readme-md;profile-evidence-20260923-scgpt-issue233-json,data/cellxgene/README.md VERSION bullet; issue233 comment2261459134 (author distinguishes historical snapshot from presumed replacement).,automated_source_review,2026-09-23,https://raw.githubusercontent.com/bowang-lab/scGPT/cebd6fae655b9c585a4807daa3ac31bb764f06b4/data/cellxgene/README.md;https://github.com/bowang-lab/scGPT/issues/233#issuecomment-2261459134
discovery-model-scgpt,model,Context limits,unreported,The implementation accepts variable gene sets matched to its vocabulary. The reviewed model-zoo entry does not specify one validated maximum gene sequence for the current whole-human checkpoint.,source_checked,"The official embed_data workflow defaults to max_length=1200 input tokens and allows the caller to change it. This is an embedding-workflow setting, not a validated universal context ceiling or proof of the setting used in a published evaluation.",source_checked,profile-evidence-20260923-scgpt-cell-emb-py,scgpt/tasks/cell_emb.py embed_data signature lines148-167; get_batch_cell_embeddings max_length handling and DataCollator.,automated_source_review,2026-09-23,https://raw.githubusercontent.com/bowang-lab/scGPT/cebd6fae655b9c585a4807daa3ac31bb764f06b4/scgpt/tasks/cell_emb.py
discovery-model-scgpt,model,Parameters,unreported,"The May 2023 model has 12 transformer blocks, width 512 and eight heads. The inspected current model-zoo table does not state the exact parameter total of its separate 33M-cell checkpoint.",unreported,"No exact whole-human checkpoint parameter total is stated in the inspected official README, embedding loader or journal supplement. The loader reads architecture settings from the selected checkpoint’s args.json; a family label alone does not identify its weights or task heads.",bounded_unknown,evidence-official-0e4dac85aa0e0ff1d4b2;profile-evidence-20260923-scgpt-cell-emb-py;profile-evidence-20260923-scgpt-supp-pdf,README Pretrained scGPT Model Zoo; cell_emb.py lines202-247 args.json loading and TransformerModel construction; complete original supplementary PDF inspected for parameter totals.,automated_source_review,2026-09-23,https://github.com/bowang-lab/scGPT/blob/cebd6fae655b9c585a4807daa3ac31bb764f06b4/README.md;https://raw.githubusercontent.com/bowang-lab/scGPT/cebd6fae655b9c585a4807daa3ac31bb764f06b4/scgpt/tasks/cell_emb.py;https://static-content.springer.com/esm/art%3A10.1038%2Fs41592-024-02201-0/MediaObjects/41592_2024_2201_MOESM1_ESM.pdf
discovery-model-scgpt,model,Code licence,source_checked,MIT,source_checked,MIT for the repository code at commit cebd6fae655b9c585a4807daa3ac31bb764f06b4.,source_checked,evidence-official-43484d4de29aacd65ed7,"LICENSE, MIT grant and copyright notice.",automated_source_review,2026-09-23,https://github.com/bowang-lab/scGPT/blob/cebd6fae655b9c585a4807daa3ac31bb764f06b4/LICENSE
discovery-model-scgpt,model,Weights licence,unreported,Separate checkpoint-distribution terms are not stated in the inspected release documentation and licence material. The source-code licence alone is not recorded as an explicit weight grant.,unreported,The inspected official model-zoo download table does not state a separate licence grant for the downloaded whole-human checkpoint. The repository MIT code licence is recorded separately; it is not treated as proof of explicit checkpoint-distribution terms.,bounded_unknown,evidence-official-0e4dac85aa0e0ff1d4b2;evidence-official-43484d4de29aacd65ed7,README Pretrained scGPT Model Zoo checkpoint-folder links; LICENSE software grant.,automated_source_review,2026-09-23,https://github.com/bowang-lab/scGPT/blob/cebd6fae655b9c585a4807daa3ac31bb764f06b4/README.md;https://github.com/bowang-lab/scGPT/blob/cebd6fae655b9c585a4807daa3ac31bb764f06b4/LICENSE
discovery-model-scgpt,model,Known versions,source_checked,The May 2023 preprint reports an early 10M-cell model. The current whole-human checkpoint table reports 33M normal human cells; these sources describe different releases.,source_checked,"Whole-human, blood, brain, heart, kidney, lung, pan-cancer and additional organ-specific checkpoint folders are listed separately. An evaluation needs its downloaded weights, args.json and vocabulary; current documentation is not an evaluated checkpoint hash.",source_checked,evidence-official-0e4dac85aa0e0ff1d4b2;profile-evidence-20260923-scgpt-cell-emb-py,"README Pretrained scGPT Model Zoo; cell_emb.py lines202-247 model configuration, vocabulary and checkpoint loading.",automated_source_review,2026-09-23,https://github.com/bowang-lab/scGPT/blob/cebd6fae655b9c585a4807daa3ac31bb764f06b4/README.md;https://raw.githubusercontent.com/bowang-lab/scGPT/cebd6fae655b9c585a4807daa3ac31bb764f06b4/scgpt/tasks/cell_emb.py
catalog-model-boltz-2,model,Training data,source_checked,"Boltz-2 structure training combines pre-June-2023 PDB entries, MISATO/ATLAS/mdCATH molecular dynamics, and AlphaFold2/Boltz-1 distillation. Separate affinity training uses curated PubChem, ChEMBL, BindingDB, HTS, CeMM and MIDAS evidence with different regression/classification labels.",source_checked,"Boltz-2 structure training uses experimental PDB structures released before 2023-06-01, MISATO/ATLAS/mdCATH molecular-dynamics ensembles, AlphaFold2 monomer predictions and Boltz-1 predictions of several complex types. Affinity regression uses filtered PubChem, ChEMBL and BindingDB assays; binary supervision uses PubChem HTS, CeMM and MIDAS plus synthetic decoys.",source_checked,expansion-p3-boltz2,XML sectionS3 paragraphsP14-P16 Structural Data; sectionS4 paragraphsP20-P21 Binding Affinity Data.,automated_source_review,2026-09-23,https://www.ebi.ac.uk/europepmc/webservices/rest/PMC12262699/fullTextXML
catalog-model-boltz-2,model,Training cutoff,source_checked,"Boltz-2 experimental PDB structures were released before 2023-06-01. This is not a shared cutoff for every affinity, MD or distilled resource, nor a Boltz-1 training cutoff.",source_checked,"2023-06-01 applies to release dates of experimental PDB structures used by Boltz-2. The source does not give a common cutoff for molecular dynamics, distilled predictions and affinity databases; this date must not be assigned to Boltz-1 or to all Boltz-2 training evidence.",source_checked,expansion-p3-boltz2,XML P14 experimental PDB cutoff; P16 distillation and P20-P21 affinity sources.,automated_source_review,2026-09-23,https://www.ebi.ac.uk/europepmc/webservices/rest/PMC12262699/fullTextXML
catalog-model-boltz-2,model,Context limits,source_checked,The Boltz-2 report describes training crops up to 768 tokens. This is a training-crop size rather than a universal inference maximum; affinity additionally uses a pocket crop.,source_checked,"Boltz-2 training crops extend to 768 molecular tokens. This is a training setting, not a universal inference limit. Affinity training also crops predicted binding pockets; permitted input size depends on the actual inference implementation and resources.",source_checked,expansion-p3-boltz2,XML sectionS6 paragraphP23 Trunk optimization; sectionS12 paragraphP29 Affinity training.,automated_source_review,2026-09-23,https://www.ebi.ac.uk/europepmc/webservices/rest/PMC12262699/fullTextXML
catalog-model-boltz-2,model,Parameters,unreported,"A complete parameter total is not stated in the reviewed Boltz-2 architecture report or model constructor; structure, confidence and affinity are separate modules.",unreported,"A complete parameter count tied to the released structure, confidence and affinity checkpoints is not stated in the inspected report or model constructor. These components must be identified before comparing parameter totals. No total was inferred from file size or architecture names.",bounded_unknown,expansion-p3-boltz2;evidence-official-734117ed8501eb26fefc,XML sectionsS5-S12 Architecture and Training; src/boltz/model/models/boltz2.py Boltz2.__init__ component construction.,automated_source_review,2026-09-23,https://www.ebi.ac.uk/europepmc/webservices/rest/PMC12262699/fullTextXML;https://github.com/jwohlwend/boltz/blob/b1ebfc46ecf57f5414e0d1a6f9027bbb122c53bc/src/boltz/model/models/boltz2.py
catalog-model-boltz-2,model,Code licence,source_checked,MIT,source_checked,MIT for code at commit b1ebfc46ecf57f5414e0d1a6f9027bbb122c53bc.,source_checked,evidence-official-8a985eabfd054f0dec4d;evidence-official-f780521ccebbb0691f9e,LICENSE MIT text; README.md Introduction line19.,automated_source_review,2026-09-23,https://github.com/jwohlwend/boltz/blob/b1ebfc46ecf57f5414e0d1a6f9027bbb122c53bc/LICENSE;https://github.com/jwohlwend/boltz/blob/b1ebfc46ecf57f5414e0d1a6f9027bbb122c53bc/README.md
catalog-model-boltz-2,model,Weights licence,source_checked,MIT; the README explicitly applies this licence to code and model weights.,source_checked,"The official README explicitly releases all code and weights under MIT for academic and commercial use. This establishes distribution terms, not the identity of a checkpoint used by an external paper.",source_checked,evidence-official-f780521ccebbb0691f9e,README.md Introduction line19.,automated_source_review,2026-09-23,https://github.com/jwohlwend/boltz/blob/b1ebfc46ecf57f5414e0d1a6f9027bbb122c53bc/README.md
catalog-model-boltz-2,model,Known versions,source_checked,Boltz-1 and Boltz-2 are distinct released generations; the catalogue does not select an evaluated checkpoint.,source_checked,"Boltz-1 and Boltz-2 are separate model generations. In the Boltz-2 report, Boltz-2x means Boltz-2 with physicality steering potentials enabled; it is an inference condition, not evidence of a separately trained checkpoint.",source_checked,expansion-p3-boltz2;evidence-official-f780521ccebbb0691f9e,README Introduction; XML sectionS15 paragraphP32 (Boltz-2x definition and Boltz-1 comparison).,automated_source_review,2026-09-23,https://www.ebi.ac.uk/europepmc/webservices/rest/PMC12262699/fullTextXML;https://github.com/jwohlwend/boltz/blob/b1ebfc46ecf57f5414e0d1a6f9027bbb122c53bc/README.md
discovery-model-boltz,model,Training data,source_checked,"Boltz-2 structure training combines pre-June-2023 PDB entries, MISATO/ATLAS/mdCATH molecular dynamics, and AlphaFold2/Boltz-1 distillation. Separate affinity training uses curated PubChem, ChEMBL, BindingDB, HTS, CeMM and MIDAS evidence with different regression/classification labels.",source_checked,"Boltz-2 structure training uses experimental PDB structures released before 2023-06-01, MISATO/ATLAS/mdCATH molecular-dynamics ensembles, AlphaFold2 monomer predictions and Boltz-1 predictions of several complex types. Affinity regression uses filtered PubChem, ChEMBL and BindingDB assays; binary supervision uses PubChem HTS, CeMM and MIDAS plus synthetic decoys.",source_checked,expansion-p3-boltz2,XML sectionS3 paragraphsP14-P16 Structural Data; sectionS4 paragraphsP20-P21 Binding Affinity Data.,automated_source_review,2026-09-23,https://www.ebi.ac.uk/europepmc/webservices/rest/PMC12262699/fullTextXML
discovery-model-boltz,model,Training cutoff,source_checked,"Boltz-2 experimental PDB structures were released before 2023-06-01. This is not a shared cutoff for every affinity, MD or distilled resource, nor a Boltz-1 training cutoff.",source_checked,"2023-06-01 applies to release dates of experimental PDB structures used by Boltz-2. The source does not give a common cutoff for molecular dynamics, distilled predictions and affinity databases; this date must not be assigned to Boltz-1 or to all Boltz-2 training evidence.",source_checked,expansion-p3-boltz2,XML P14 experimental PDB cutoff; P16 distillation and P20-P21 affinity sources.,automated_source_review,2026-09-23,https://www.ebi.ac.uk/europepmc/webservices/rest/PMC12262699/fullTextXML
discovery-model-boltz,model,Context limits,source_checked,The Boltz-2 report describes training crops up to 768 tokens. This is a training-crop size rather than a universal inference maximum; affinity additionally uses a pocket crop.,source_checked,"Boltz-2 training crops extend to 768 molecular tokens. This is a training setting, not a universal inference limit. Affinity training also crops predicted binding pockets; permitted input size depends on the actual inference implementation and resources.",source_checked,expansion-p3-boltz2,XML sectionS6 paragraphP23 Trunk optimization; sectionS12 paragraphP29 Affinity training.,automated_source_review,2026-09-23,https://www.ebi.ac.uk/europepmc/webservices/rest/PMC12262699/fullTextXML
discovery-model-boltz,model,Parameters,unreported,"A complete parameter total is not stated in the reviewed Boltz-2 architecture report or model constructor; structure, confidence and affinity are separate modules.",unreported,"A complete parameter count tied to the released structure, confidence and affinity checkpoints is not stated in the inspected report or model constructor. These components must be identified before comparing parameter totals. No total was inferred from file size or architecture names.",bounded_unknown,expansion-p3-boltz2;evidence-official-734117ed8501eb26fefc,XML sectionsS5-S12 Architecture and Training; src/boltz/model/models/boltz2.py Boltz2.__init__ component construction.,automated_source_review,2026-09-23,https://www.ebi.ac.uk/europepmc/webservices/rest/PMC12262699/fullTextXML;https://github.com/jwohlwend/boltz/blob/b1ebfc46ecf57f5414e0d1a6f9027bbb122c53bc/src/boltz/model/models/boltz2.py
discovery-model-boltz,model,Code licence,source_checked,MIT,source_checked,MIT for code at commit b1ebfc46ecf57f5414e0d1a6f9027bbb122c53bc.,source_checked,evidence-official-8a985eabfd054f0dec4d;evidence-official-f780521ccebbb0691f9e,LICENSE MIT text; README.md Introduction line19.,automated_source_review,2026-09-23,https://github.com/jwohlwend/boltz/blob/b1ebfc46ecf57f5414e0d1a6f9027bbb122c53bc/LICENSE;https://github.com/jwohlwend/boltz/blob/b1ebfc46ecf57f5414e0d1a6f9027bbb122c53bc/README.md
discovery-model-boltz,model,Weights licence,source_checked,MIT; the README explicitly applies this licence to code and model weights.,source_checked,"The official README explicitly releases all code and weights under MIT for academic and commercial use. This establishes distribution terms, not the identity of a checkpoint used by an external paper.",source_checked,evidence-official-f780521ccebbb0691f9e,README.md Introduction line19.,automated_source_review,2026-09-23,https://github.com/jwohlwend/boltz/blob/b1ebfc46ecf57f5414e0d1a6f9027bbb122c53bc/README.md
discovery-model-boltz,model,Known versions,source_checked,Boltz-1 and Boltz-2 are distinct released generations; the catalogue does not select an evaluated checkpoint.,source_checked,"Boltz-1 and Boltz-2 are separate model generations. In the Boltz-2 report, Boltz-2x means Boltz-2 with physicality steering potentials enabled; it is an inference condition, not evidence of a separately trained checkpoint.",source_checked,expansion-p3-boltz2;evidence-official-f780521ccebbb0691f9e,README Introduction; XML sectionS15 paragraphP32 (Boltz-2x definition and Boltz-1 comparison).,automated_source_review,2026-09-23,https://www.ebi.ac.uk/europepmc/webservices/rest/PMC12262699/fullTextXML;https://github.com/jwohlwend/boltz/blob/b1ebfc46ecf57f5414e0d1a6f9027bbb122c53bc/README.md
reported-model-cdc9aabf4efc04,configuration,Known versions / configuration,unreported,Boltz-2 is the comparison-table label; that label does not specify an immutable weight revision.,source_checked,"The study used pretrained Boltz-2 with target amino-acid sequence, an MSA from the official server, and ligand SMILES. Its diffusion sampling parameter was 10; poses were ranked by internal confidence and the top-ranked pose retained. The section does not identify an immutable weight or software revision.",source_checked,mpro-pose-affinity-2025,"Methods section2.1.7, XML sec2.1.7, Deep Learning-Based Modeling with Boltz-2.",automated_source_review,2026-09-23,https://pmc.ncbi.nlm.nih.gov/articles/PMC12801289/
reported-model-cdc9aabf4efc04,configuration,Checkpoint identity,unextracted,,unreported,The inspected Methods section identifies Boltz-2 and its sampling/ranking procedure but supplies no checkpoint checksum or immutable software revision. Current family documentation cannot fill this historical evaluation gap.,bounded_unknown,mpro-pose-affinity-2025,"Methods section2.1.7, XML sec2.1.7.",automated_source_review,2026-09-23,https://pmc.ncbi.nlm.nih.gov/articles/PMC12801289/
reported-model-399b1ce87a3f6d,configuration,Known versions / configuration,unreported,scGPT is the comparison-table label; that label does not specify an immutable weight revision.,unreported,GenePT uses pretrained scGPT embeddings for cell-level evaluations and includes previously documented gene-level findings. The inspected methods do not pin an immutable scGPT weight revision; the family’s current whole-human download is not proof of historical identity.,bounded_unknown,genept-2024,"XML P10, P21 and P29-P30, evaluation methods.",automated_source_review,2026-09-23,https://pmc.ncbi.nlm.nih.gov/articles/PMC10614824/
reported-model-77ad27d4098177,configuration,Known versions / configuration,unreported,scGPT is the comparison-table label; that label does not specify an immutable weight revision.,unreported,scELMo evaluates scGPT embeddings under zero-shot and fine-tuned settings with kNN classification; some table rows are taken from GenePT. These are different procedures and evidence origins. No common immutable scGPT checkpoint is established by these passages.,bounded_unknown,scelmo-2025,"XML P69, Cell-type annotation methods; Table1 source footnote.",automated_source_review,2026-09-23,https://pmc.ncbi.nlm.nih.gov/articles/PMC12393277/
discovery-benchmark-proteingym,benchmark,Release scope,unextracted,,source_checked,"The pinned ProteinGym revision 144fe22 describes releases v1.0–v1.3. v1.3 adds zero-shot DMS substitution baselines; it is not interchangeable with the original paper release, supervised DMS or clinical tracks.",source_checked,src-discovery-oatml-markslab-proteingym,README.md lines 110–138 and 226–231; revision 144fe22b07dfaeec2b366f2346203a9838a55b4c,automated_source_review,2026-09-23,https://github.com/OATML-Markslab/ProteinGym/blob/144fe22b07dfaeec2b366f2346203a9838a55b4c/README.md
discovery-benchmark-proteingym,benchmark,DMS substitution coverage,unextracted,,source_checked,"The pinned v1.3 reference lists 217 assays and 2,465,767 assay-variant records, including multiple substitutions. These are reference denominators, not a claim that a catalogued model scored the complete track.",source_checked,profile-protocol-proteingym-reference-files-dms-substitutions-csv-a8f49801,DMS_substitutions.csv: all 217 data rows; sum DMS_total_number_mutants (not DMS_number_single_mutants),automated_source_review,2026-09-23,https://raw.githubusercontent.com/OATML-Markslab/ProteinGym/144fe22b07dfaeec2b366f2346203a9838a55b4c/reference_files/DMS_substitutions.csv
discovery-benchmark-proteingym,benchmark,Splits,source_checked,"Five-fold random, contiguous-position and modulo-position cross-validation are separate supervised DMS regimes. The original clinical analysis uses available ClinVar labels with explicit overlap warnings; zero-shot scoring does not fit on assay labels.",source_checked,"In the original supervised single-substitution analysis, random folds assign mutants, contiguous folds group sequence positions into segments, and modulo folds assign positions by remainder. Five folds are usual; the paper excepts F7YBW8_MESOW and SPG1_STRSG, which have four mutated positions. The pinned supervised scorer uses random splits only for indels; substitution schemes remain separate. Zero-shot scoring does not fit assay labels.",source_checked,profile-protocol-proteingym-paper-xml-a58110e0;profile-protocol-proteingym-proteingym-performance-dms-supervised-benchmarks-py-49b9c29f;src-discovery-oatml-markslab-proteingym,PMC10723403 sections S22 (DMS assays) and S45 (Cross-validation schemes); performance_DMS_supervised_benchmarks.py lines 59–64; README regime descriptions,automated_source_review,2026-09-23,https://www.ebi.ac.uk/europepmc/webservices/rest/PMC10723403/fullTextXML;https://raw.githubusercontent.com/OATML-Markslab/ProteinGym/144fe22b07dfaeec2b366f2346203a9838a55b4c/proteingym/performance_DMS_supervised_benchmarks.py;https://github.com/OATML-Markslab/ProteinGym/blob/144fe22b07dfaeec2b366f2346203a9838a55b4c/README.md
discovery-benchmark-proteingym,benchmark,Uncertainty,source_checked,Bootstrapped standard errors are provided for aggregate metrics.,source_checked,"For DMS substitution summaries at revision 144fe22, the zero-shot scorer bootstraps 10,000 times within functional categories after averaging by UniProt and category, and reports the standard deviation of differences from the model with the highest aggregate metric. The supervised scorer also reports bootstrap differences, using ProteinNPT as its default reference. These errors are not absolute per-model confidence intervals or variation across model-training seeds.",source_checked,profile-protocol-proteingym-proteingym-performance-dms-benchmarks-py-0002bc1b;profile-protocol-proteingym-proteingym-performance-dms-supervised-benchmarks-py-49b9c29f,performance_DMS_benchmarks.py lines 95–111 and 296–315; performance_DMS_supervised_benchmarks.py lines 16–43 and 116–118,automated_source_review,2026-09-23,https://raw.githubusercontent.com/OATML-Markslab/ProteinGym/144fe22b07dfaeec2b366f2346203a9838a55b4c/proteingym/performance_DMS_benchmarks.py;https://raw.githubusercontent.com/OATML-Markslab/ProteinGym/144fe22b07dfaeec2b366f2346203a9838a55b4c/proteingym/performance_DMS_supervised_benchmarks.py
catalog-task-proteingym-effects,task,Coverage reporting,unextracted,,source_checked,"Keep release, track, selected assays, complete-assay count and original variant denominators together. The local v1.3 zero-shot adapter distinguishes a fully scored selected assay from all 217 reference assays and withholds suite metrics for subset or smoke runs.",source_checked,runner-recipe-docs-proteingym-md-f80cef7f,"docs/proteingym.md lines 7–11, 31–33 and 59–63",automated_source_review,2026-09-23,https://github.com/rewire-bio/rewire-benchmarks/blob/f80cef7f818bec33e51b7f43ad499eb5078c8d87/docs/proteingym.md
catalog-task-proteingym-effects,task,Uncertainty,unextracted,,source_checked,Uncertainty must be declared by the selected protocol. ProteinGym’s pinned DMS scorer reports bootstrap differences relative to a reference model; the local v1.3 adapter does not estimate an absolute performance interval.,source_checked,profile-protocol-proteingym-proteingym-performance-dms-benchmarks-py-0002bc1b;profile-protocol-proteingym-proteingym-performance-dms-supervised-benchmarks-py-49b9c29f;runner-recipe-docs-proteingym-md-f80cef7f,performance_DMS_benchmarks.py lines 95–111 and 296–315; performance_DMS_supervised_benchmarks.py lines 16–43; docs/proteingym.md line 63,automated_source_review,2026-09-23,https://raw.githubusercontent.com/OATML-Markslab/ProteinGym/144fe22b07dfaeec2b366f2346203a9838a55b4c/proteingym/performance_DMS_benchmarks.py;https://raw.githubusercontent.com/OATML-Markslab/ProteinGym/144fe22b07dfaeec2b366f2346203a9838a55b4c/proteingym/performance_DMS_supervised_benchmarks.py;https://github.com/rewire-bio/rewire-benchmarks/blob/f80cef7f818bec33e51b7f43ad499eb5078c8d87/docs/proteingym.md
rewire-mfass-v2,protocol,Datasets,source_checked,Functional exon-recognition labels from the MFASS assay; validated assay-oriented reference/mutant sequence pairs define the sequence-model inputs.,source_checked,"The eligibility filter category=mutant with a reported strong_lof label selects 27,733 variants and 1,050 disrupting variants from 32,669 source rows. The eligible cohort spans 2,185 exons; the paper’s 2,198-exon count precedes the label filter.",source_checked,evidence-benchmark-mfass-pinned-readme,README.md lines 40–64,automated_source_review,2026-09-23,https://github.com/timini/rewire-benchmarks/blob/bee9133b83f3aedaf2bbb9013f1875515845607e/benchmarks/mfass/README.md
rewire-mfass-v2,protocol,Splits,source_checked,The canonical split assigns whole connected exon/gene groups to training or test. Prevalence matching is selected before model runs and uses no predictions.,source_checked,"Canonical split-v2 assigns connected exon/gene components whole: 19,409 training variants (735 positives; 1,127 groups) and 8,324 test variants (315 positives; 463 groups). Assignment uses seed 20260914, 200 candidate draws and a requested 30% test fraction, matching prevalence before predictions. The split TSV SHA-256 is 999ebcb7e63a5c5eaa8780fa468e59ac1f934260ad50102814174c396317f052.",source_checked,evidence-benchmark-mfass-pinned-readme;profile-protocol-mfass-splits-split-v2-manifest-json-3a6e0754;profile-protocol-mfass-splits-split-v2-tsv-999ebcb7,"README.md lines 66–99; split-v2.manifest.json: seed, restarts, test_frac_requested, train, test; split-v2.tsv bytes",automated_source_review,2026-09-23,https://github.com/timini/rewire-benchmarks/blob/bee9133b83f3aedaf2bbb9013f1875515845607e/benchmarks/mfass/README.md;https://raw.githubusercontent.com/rewire-bio/rewire-benchmarks/bee9133b83f3aedaf2bbb9013f1875515845607e/benchmarks/mfass/splits/split-v2.manifest.json;https://raw.githubusercontent.com/rewire-bio/rewire-benchmarks/bee9133b83f3aedaf2bbb9013f1875515845607e/benchmarks/mfass/splits/split-v2.tsv
rewire-mfass-v2,protocol,Scoring coverage,unextracted,,source_checked,"Against the 8,324-variant held-out denominator, the corrected baseline and DNABERT-2 pipeline each score 8,324 variants, SpliceAI scores 8,194, and Pangolin mask=False scores 8,301. Paired comparisons use the common scored variants: 8,194 in 454 groups for SpliceAI, 8,301 in 461 groups for Pangolin, and 8,324 in 463 groups for DNABERT-2. Missing predictions remain outside the paired subset.",source_checked,profile-protocol-mfass-results-compare-baseline-v2-vs-spliceai-json-77900982;profile-protocol-mfass-results-compare-baseline-v2-vs-pangolin-maskfalse-json-fd938e14;profile-protocol-mfass-results-compare-baseline-v2-vs-dnabert2-json-52216e00,"Each comparison JSON: denominators, independent_groups and on_common_subset; candidate settings retained in filenames",automated_source_review,2026-09-23,https://raw.githubusercontent.com/rewire-bio/rewire-benchmarks/bee9133b83f3aedaf2bbb9013f1875515845607e/benchmarks/mfass/results/compare-baseline-v2-vs-spliceai.json;https://raw.githubusercontent.com/rewire-bio/rewire-benchmarks/bee9133b83f3aedaf2bbb9013f1875515845607e/benchmarks/mfass/results/compare-baseline-v2-vs-pangolin-maskFalse.json;https://raw.githubusercontent.com/rewire-bio/rewire-benchmarks/bee9133b83f3aedaf2bbb9013f1875515845607e/benchmarks/mfass/results/compare-baseline-v2-vs-dnabert2.json
rewire-mfass-v2,protocol,Uncertainty,source_checked,Paired intervals resample whole connected exon/gene groups; precision intervals account for fixed review-list fraction during group resampling.,source_checked,"The three pinned candidate-versus-corrected-baseline comparisons use 2,000 paired whole-group bootstrap draws at seed 20260914 and percentile 95% intervals. All report zero single-class draws skipped. The point estimate is the observed candidate-minus-baseline difference on the common subset, not the resample mean. Precision resamples preserve the review-list fraction corresponding to capacity 100, so their realised capacities vary.",source_checked,profile-protocol-mfass-metrics-py-4030374e;profile-protocol-mfass-src-mfass-compare-py-4be3f20b;profile-protocol-mfass-results-compare-baseline-v2-vs-spliceai-json-77900982;profile-protocol-mfass-results-compare-baseline-v2-vs-pangolin-maskfalse-json-fd938e14;profile-protocol-mfass-results-compare-baseline-v2-vs-dnabert2-json-52216e00,"metrics.py lines 65–140; compare.py lines 33–35, 41–74; comparison JSON: capacity, seed and paired.*",automated_source_review,2026-09-23,https://raw.githubusercontent.com/rewire-bio/rewire-benchmarks/bee9133b83f3aedaf2bbb9013f1875515845607e/packages/rewirebench/src/rewirebench/metrics.py;https://raw.githubusercontent.com/rewire-bio/rewire-benchmarks/bee9133b83f3aedaf2bbb9013f1875515845607e/benchmarks/mfass/src/mfass/compare.py;https://raw.githubusercontent.com/rewire-bio/rewire-benchmarks/bee9133b83f3aedaf2bbb9013f1875515845607e/benchmarks/mfass/results/compare-baseline-v2-vs-spliceai.json;https://raw.githubusercontent.com/rewire-bio/rewire-benchmarks/bee9133b83f3aedaf2bbb9013f1875515845607e/benchmarks/mfass/results/compare-baseline-v2-vs-pangolin-maskFalse.json;https://raw.githubusercontent.com/rewire-bio/rewire-benchmarks/bee9133b83f3aedaf2bbb9013f1875515845607e/benchmarks/mfass/results/compare-baseline-v2-vs-dnabert2.json
rewire-mfass-v2,protocol,Allowed inputs,source_checked,Validated assay-oriented sequence pairs for baseline/DNABERT-2; specialists use genomic context.,source_checked,"Sequence baselines use validated 170-base natural_seq reference and original_seq mutant pairs, differing at rel_position minus one with strand-checked alleles. SpliceAI and Pangolin instead use genomic context; their predictions are not evaluations of the same 170-base input.",source_checked,evidence-benchmark-mfass-pinned-readme,"README.md lines 59–64, 141–179",automated_source_review,2026-09-23,https://github.com/timini/rewire-benchmarks/blob/bee9133b83f3aedaf2bbb9013f1875515845607e/benchmarks/mfass/README.md
rewire-mfass-v2,protocol,Adaptation,source_checked,Baseline and logistic head use MFASS training labels; specialists are zero-shot on the assay.,source_checked,The corrected k-mer baseline and DNABERT-2 logistic head use the training arm. DNABERT-2 stays frozen: masked-mean last-hidden-state embeddings feed reference and mutant-minus-reference vectors to a fixed balanced L2 logistic head (C=0.1). Specialist scores are zero-shot with respect to MFASS training labels; input context and annotation versions differ.,source_checked,evidence-benchmark-mfass-pinned-readme,README.md lines 116–138 and 141–179,automated_source_review,2026-09-23,https://github.com/timini/rewire-benchmarks/blob/bee9133b83f3aedaf2bbb9013f1875515845607e/benchmarks/mfass/README.md
rewire-mfass-v1,protocol,Supersession cause,unextracted,,source_checked,"The archived v1 baseline combined raw sequence with assay-coordinate rel_position. For 7,770 of 27,733 eligible variants the raw field was the reverse complement of original_seq, placing the 21-base 3-mer window at the wrong base. The source withdraws v1 baseline comparisons and split-cost claims; preserved JSON remains historical evidence only.",source_checked,evidence-benchmark-mfass-pinned-readme,README.md correction notice lines 3–10 and cohort validation lines 59–64,automated_source_review,2026-09-23,https://github.com/timini/rewire-benchmarks/blob/bee9133b83f3aedaf2bbb9013f1875515845607e/benchmarks/mfass/README.md
catalog-task-mfass-splice,task,Coverage and comparison scope,unextracted,,source_checked,"The linked rewire v2 protocol has 8,324 held-out variants, but scored coverage depends on the method. Compare candidate and baseline on their common scored variants and retain excluded counts and connected-group counts. This guide defines no additional cohort or split.",source_checked,evidence-benchmark-mfass-pinned-readme;profile-protocol-mfass-results-compare-baseline-v2-vs-spliceai-json-77900982;profile-protocol-mfass-results-compare-baseline-v2-vs-pangolin-maskfalse-json-fd938e14;profile-protocol-mfass-results-compare-baseline-v2-vs-dnabert2-json-52216e00,README.md lines 141–171; comparison JSON: denominators and independent_groups,automated_source_review,2026-09-23,https://github.com/timini/rewire-benchmarks/blob/bee9133b83f3aedaf2bbb9013f1875515845607e/benchmarks/mfass/README.md;https://raw.githubusercontent.com/rewire-bio/rewire-benchmarks/bee9133b83f3aedaf2bbb9013f1875515845607e/benchmarks/mfass/results/compare-baseline-v2-vs-spliceai.json;https://raw.githubusercontent.com/rewire-bio/rewire-benchmarks/bee9133b83f3aedaf2bbb9013f1875515845607e/benchmarks/mfass/results/compare-baseline-v2-vs-pangolin-maskFalse.json;https://raw.githubusercontent.com/rewire-bio/rewire-benchmarks/bee9133b83f3aedaf2bbb9013f1875515845607e/benchmarks/mfass/results/compare-baseline-v2-vs-dnabert2.json
catalog-task-mfass-splice,task,Uncertainty,unextracted,,source_checked,"For the linked v2 comparisons, intervals describe paired candidate-minus-baseline differences from 2,000 whole-group bootstrap draws. They do not represent absolute method confidence intervals; capacity-100 precision keeps the review-list fraction fixed during resampling.",source_checked,profile-protocol-mfass-metrics-py-4030374e;profile-protocol-mfass-results-compare-baseline-v2-vs-spliceai-json-77900982;profile-protocol-mfass-results-compare-baseline-v2-vs-pangolin-maskfalse-json-fd938e14;profile-protocol-mfass-results-compare-baseline-v2-vs-dnabert2-json-52216e00,"metrics.py lines 65–140; comparison JSON: capacity, seed and paired.*",automated_source_review,2026-09-23,https://raw.githubusercontent.com/rewire-bio/rewire-benchmarks/bee9133b83f3aedaf2bbb9013f1875515845607e/packages/rewirebench/src/rewirebench/metrics.py;https://raw.githubusercontent.com/rewire-bio/rewire-benchmarks/bee9133b83f3aedaf2bbb9013f1875515845607e/benchmarks/mfass/results/compare-baseline-v2-vs-spliceai.json;https://raw.githubusercontent.com/rewire-bio/rewire-benchmarks/bee9133b83f3aedaf2bbb9013f1875515845607e/benchmarks/mfass/results/compare-baseline-v2-vs-pangolin-maskFalse.json;https://raw.githubusercontent.com/rewire-bio/rewire-benchmarks/bee9133b83f3aedaf2bbb9013f1875515845607e/benchmarks/mfass/results/compare-baseline-v2-vs-dnabert2.json
