id,name,protocol_ids,measured_roles,required_roles,status
"discovery-benchmark-atom3d","ATOM3D","[]","0","0","protocol_inventory_required"
"discovery-benchmark-beacon","BEACON","[]","0","0","protocol_inventory_required"
"discovery-benchmark-beeline","BEELINE","[""acquired-protocol-024f47659eb7e75f56dc"",""acquired-protocol-1227fd691dca8a3aa41d"",""acquired-protocol-174f1a5acdc3c13db7b2"",""acquired-protocol-18da78ff7de51ffb5605"",""acquired-protocol-19f8c76e99a986094a6f"",""acquired-protocol-1b09d04bdd84c0554bd1"",""acquired-protocol-25210daa0dccd840d2fb"",""acquired-protocol-2a8b0faaeabb2b42f8fb"",""acquired-protocol-30ca92be5250d3347718"",""acquired-protocol-34109c3e92506dce8489"",""acquired-protocol-37b5599b7d976211e8c1"",""acquired-protocol-3c4df1f88f28c01a7508"",""acquired-protocol-408cb9c598ef659f51a6"",""acquired-protocol-4178cb595371e239c8fd"",""acquired-protocol-4745597f348c3ff0e85a"",""acquired-protocol-51354be75f1492ed099a"",""acquired-protocol-562a238b609a61077d81"",""acquired-protocol-61ae01473c4e5c4a9ce5"",""acquired-protocol-6ddc5a89a2b4c4c474d7"",""acquired-protocol-78f8093a50e8fca5eacc"",""acquired-protocol-7913b13aba9d987c38ae"",""acquired-protocol-7977f5aa02ec0001bc1a"",""acquired-protocol-7f7b37c767904dd8a6fb"",""acquired-protocol-81fdcee5288c3672584a"",""acquired-protocol-994c136cc78955a7777e"",""acquired-protocol-a72274bbb664040489be"",""acquired-protocol-a8f87266d6be53bbd23b"",""acquired-protocol-a930238c7acc35fd34ee"",""acquired-protocol-a9a52bfc61cc00ae40eb"",""acquired-protocol-b022aafcf374cd51f0f3"",""acquired-protocol-b1b289fa63273aa8bba2"",""acquired-protocol-b3a78798ab8a7602a63a"",""acquired-protocol-b614e3405917763fb159"",""acquired-protocol-b782c1901e3d8fb8348e"",""acquired-protocol-b7da29c68a46720cce0b"",""acquired-protocol-bd571aa3305cceba1f0b"",""acquired-protocol-bd9b01304308808a7b38"",""acquired-protocol-c57e646de930422fa536"",""acquired-protocol-c7f45d872952b996c96a"",""acquired-protocol-c8cff8ffd3fbf524bf2e"",""acquired-protocol-ceaaa7b9d8af61e51736"",""acquired-protocol-d60261afa2c58e4aa12e"",""acquired-protocol-d66bbf2b3dd743f2db47"",""acquired-protocol-dc2ce864a7578927cabc"",""acquired-protocol-e0ffaca06ad1222ac21e"",""acquired-protocol-eceec78306355eece4e7"",""acquired-protocol-ed61833eb749ba711c5b"",""acquired-protocol-edb7d264956f89df17fc"",""acquired-protocol-f4f5a4cb785dc55503bb"",""acquired-protocol-f6bd2f323f0f81692075"",""acquired-protocol-f6bf921e477601ffffec"",""acquired-protocol-f7ef0c77a6155a1ff0d4"",""acquired-protocol-fabd886c5f7a9dbfdbab"",""acquired-protocol-fbb04bf73e09481732c8""]","0","108","incomplete"
"discovery-benchmark-bend","BEND","[]","0","0","protocol_inventory_required"
"discovery-benchmark-cafa","CAFA","[""acquired-protocol-0841c618c0a89fa56f63"",""acquired-protocol-906c90560bda45e6b1af"",""acquired-protocol-a8ac152e52ee3e06387c""]","0","6","incomplete"
"discovery-benchmark-cami","CAMI","[""acquired-protocol-f443b5fdaee9129f2b7a""]","0","2","incomplete"
"discovery-benchmark-capri","CAPRI","[""acquired-protocol-287b8fe8904985b6e420"",""acquired-protocol-95bb2d71a1d51316f506"",""acquired-protocol-cedd42f89ef2860a1fc7"",""acquired-protocol-e7121a74a668c30652c8""]","0","8","incomplete"
"discovery-benchmark-casp","CASP","[""acquired-protocol-8068932c1a23c9c3f049""]","0","2","incomplete"
"discovery-benchmark-dart-eval","DART-Eval","[]","0","0","protocol_inventory_required"
"discovery-benchmark-flip","FLIP","[]","0","0","protocol_inventory_required"
"discovery-benchmark-flip2","FLIP2","[""acquired-protocol-06a6cc45005b6e951779"",""acquired-protocol-07f31785d85b3d526033"",""acquired-protocol-2a25c278d301f1b27a06"",""acquired-protocol-40d273a00b4110007da3"",""acquired-protocol-467d2c2551a1f523408b"",""acquired-protocol-4c2b9e709bc390708ebd"",""acquired-protocol-56154db2cb24cf00a2e4"",""acquired-protocol-5e6866875f05d71b27d6"",""acquired-protocol-677b87f02518f844ef73"",""acquired-protocol-86d9b432edaa8d609e23"",""acquired-protocol-8d1a268f98d747f4c385"",""acquired-protocol-c28293280f628951a96d"",""acquired-protocol-d0d5f30d1e07aa33d121"",""acquired-protocol-d689343c656902d1f852"",""acquired-protocol-e693882416f4067e6939"",""acquired-protocol-ed315b25923fa3e1f9a6""]","0","32","incomplete"
"discovery-benchmark-geneb","GENEB","[]","0","0","protocol_inventory_required"
"discovery-benchmark-genomic-benchmarks","Genomic Benchmarks","[]","0","0","protocol_inventory_required"
"discovery-benchmark-glycanml","GlycanML","[""paper-protocol-0d66c7cabff9d799d5"",""paper-protocol-1e0e586e8edab0dc26"",""paper-protocol-468fdd0f4237c041d5"",""paper-protocol-705c3995af4e74e425"",""paper-protocol-8dca9eabea26dee766"",""paper-protocol-a67c6f1eaf73494953"",""paper-protocol-a8799c4d8546b3ff18"",""paper-protocol-b51570e2bf69ba6542"",""paper-protocol-d44b40251c33ecbea1"",""paper-protocol-e914e4149f3b3c8185"",""paper-protocol-f6058db65ace02f920"",""paper-protocol-fb9190db65a5f72e10""]","0","24","incomplete"
"discovery-benchmark-gue","GUE","[]","0","0","protocol_inventory_required"
"discovery-benchmark-hest-benchmark","HEST-Benchmark","[]","0","0","protocol_inventory_required"
"discovery-benchmark-massspecgym","MassSpecGym","[""paper-protocol-1e7bb17e6ce294d906"",""paper-protocol-5d42ac5481b1c071e4"",""paper-protocol-5d8ed22461594b6dbe"",""paper-protocol-8c192f6451f321879d"",""paper-protocol-9e2c05cdecc9a3241c"",""paper-protocol-a18b4bc79049513fb7""]","0","12","incomplete"
"discovery-benchmark-mrnabench","mRNABench","[]","0","0","protocol_inventory_required"
"discovery-benchmark-nabench","NABench","[]","0","0","protocol_inventory_required"
"discovery-benchmark-open-problems","Open Problems","[]","0","0","protocol_inventory_required"
"discovery-benchmark-perturbench","PerturBench","[]","0","0","protocol_inventory_required"
"discovery-benchmark-petab-benchmark-collection","PEtab benchmark collection","[]","0","0","protocol_inventory_required"
"discovery-benchmark-pfmbench","PFMBench","[]","0","0","protocol_inventory_required"
"discovery-benchmark-plinder","PLINDER","[""acquired-protocol-127e215c861a6b462f4d"",""acquired-protocol-761bc55382fe7c90c627"",""acquired-protocol-d4acaf69f73675e7a672""]","0","6","incomplete"
"discovery-benchmark-proteinbench","ProteinBench","[]","0","0","protocol_inventory_required"
"discovery-benchmark-proteingym","ProteinGym","[""rewire-proteingym-v1-3-dms-substitutions""]","0","2","incomplete"
"discovery-benchmark-scib","scIB","[""acquired-protocol-3f6fa62242423922b5f2""]","0","2","incomplete"
"discovery-benchmark-tape","TAPE","[]","0","0","protocol_inventory_required"
"discovery-benchmark-tdc-molecular-tasks","TDC molecular tasks","[]","0","0","protocol_inventory_required"
"discovery-benchmark-virtual-cell-challenge-2026","Virtual Cell Challenge 2026","[""acquired-protocol-7f9c60e5c29f16e44637""]","0","2","incomplete"
