record_id,metric,printed_value,source_ids,source_locator,status
uc20260930-rhomax-result-split-1-rhomax-median-absolute-error-ev,median_absolute_error,0.025,uc20260930-source-rhomax-2024,"Table 1, eV block, row split 1, column median rhomax",source_checked
uc20260930-rhomax-result-split-1-rhomax-mean-absolute-error-ev,mean_absolute_error,0.045 ± 0.06,uc20260930-source-rhomax-2024,"Table 1, eV block, row split 1, column mean and standard deviation rhomax",source_checked
uc20260930-rhomax-result-split-1-rhomax-retinal-median-absolute-error-ev,median_absolute_error,0.027,uc20260930-source-rhomax-2024,"Table 1, eV block, row split 1, column median rhomax-retinal",source_checked
uc20260930-rhomax-result-split-1-rhomax-retinal-mean-absolute-error-ev,mean_absolute_error,0.046 ± 0.06,uc20260930-source-rhomax-2024,"Table 1, eV block, row split 1, column mean and standard deviation rhomax-retinal",source_checked
uc20260930-rhomax-result-split-1-blasso-median-absolute-error-ev,median_absolute_error,0.047,uc20260930-source-rhomax-2024,"Table 1, eV block, row split 1, column median blasso",source_checked
uc20260930-rhomax-result-split-1-blasso-mean-absolute-error-ev,mean_absolute_error,0.047 ± 0.04,uc20260930-source-rhomax-2024,"Table 1, eV block, row split 1, column mean and standard deviation blasso",source_checked
uc20260930-rhomax-result-split-2-rhomax-median-absolute-error-ev,median_absolute_error,0.014,uc20260930-source-rhomax-2024,"Table 1, eV block, row split 2, column median rhomax",source_checked
uc20260930-rhomax-result-split-2-rhomax-mean-absolute-error-ev,mean_absolute_error,0.034 ± 0.04,uc20260930-source-rhomax-2024,"Table 1, eV block, row split 2, column mean and standard deviation rhomax",source_checked
uc20260930-rhomax-result-split-2-rhomax-retinal-median-absolute-error-ev,median_absolute_error,0.036,uc20260930-source-rhomax-2024,"Table 1, eV block, row split 2, column median rhomax-retinal",source_checked
uc20260930-rhomax-result-split-2-rhomax-retinal-mean-absolute-error-ev,mean_absolute_error,0.045 ± 0.04,uc20260930-source-rhomax-2024,"Table 1, eV block, row split 2, column mean and standard deviation rhomax-retinal",source_checked
uc20260930-rhomax-result-split-2-blasso-median-absolute-error-ev,median_absolute_error,0.058,uc20260930-source-rhomax-2024,"Table 1, eV block, row split 2, column median blasso",source_checked
uc20260930-rhomax-result-split-2-blasso-mean-absolute-error-ev,mean_absolute_error,0.064 ± 0.06,uc20260930-source-rhomax-2024,"Table 1, eV block, row split 2, column mean and standard deviation blasso",source_checked
uc20260930-rhomax-result-split-3-rhomax-median-absolute-error-ev,median_absolute_error,0.026,uc20260930-source-rhomax-2024,"Table 1, eV block, row split 3, column median rhomax",source_checked
uc20260930-rhomax-result-split-3-rhomax-mean-absolute-error-ev,mean_absolute_error,0.045 ± 0.06,uc20260930-source-rhomax-2024,"Table 1, eV block, row split 3, column mean and standard deviation rhomax",source_checked
uc20260930-rhomax-result-split-3-rhomax-retinal-median-absolute-error-ev,median_absolute_error,0.026,uc20260930-source-rhomax-2024,"Table 1, eV block, row split 3, column median rhomax-retinal",source_checked
uc20260930-rhomax-result-split-3-rhomax-retinal-mean-absolute-error-ev,mean_absolute_error,0.045 ± 0.05,uc20260930-source-rhomax-2024,"Table 1, eV block, row split 3, column mean and standard deviation rhomax-retinal",source_checked
uc20260930-rhomax-result-split-3-blasso-median-absolute-error-ev,median_absolute_error,0.043,uc20260930-source-rhomax-2024,"Table 1, eV block, row split 3, column median blasso",source_checked
uc20260930-rhomax-result-split-3-blasso-mean-absolute-error-ev,mean_absolute_error,0.045 ± 0.03,uc20260930-source-rhomax-2024,"Table 1, eV block, row split 3, column mean and standard deviation blasso",source_checked
uc20260930-rhomax-result-split-4-rhomax-median-absolute-error-ev,median_absolute_error,0.054,uc20260930-source-rhomax-2024,"Table 1, eV block, row split 4, column median rhomax",source_checked
uc20260930-rhomax-result-split-4-rhomax-mean-absolute-error-ev,mean_absolute_error,0.074 ± 0.07,uc20260930-source-rhomax-2024,"Table 1, eV block, row split 4, column mean and standard deviation rhomax",source_checked
uc20260930-rhomax-result-split-4-rhomax-retinal-median-absolute-error-ev,median_absolute_error,0.090,uc20260930-source-rhomax-2024,"Table 1, eV block, row split 4, column median rhomax-retinal",source_checked
uc20260930-rhomax-result-split-4-rhomax-retinal-mean-absolute-error-ev,mean_absolute_error,0.090 ± 0.06,uc20260930-source-rhomax-2024,"Table 1, eV block, row split 4, column mean and standard deviation rhomax-retinal",source_checked
uc20260930-rhomax-result-split-4-blasso-median-absolute-error-ev,median_absolute_error,0.100,uc20260930-source-rhomax-2024,"Table 1, eV block, row split 4, column median blasso",source_checked
uc20260930-rhomax-result-split-4-blasso-mean-absolute-error-ev,mean_absolute_error,0.095 ± 0.05,uc20260930-source-rhomax-2024,"Table 1, eV block, row split 4, column mean and standard deviation blasso",source_checked
uc20260930-rhomax-result-mean-rhomax-median-absolute-error-ev,median_absolute_error,0.030,uc20260930-source-rhomax-2024,"Table 1, eV block, row mean, column median rhomax",source_checked
uc20260930-rhomax-result-mean-rhomax-mean-absolute-error-ev,mean_absolute_error,0.050 ± 0.06,uc20260930-source-rhomax-2024,"Table 1, eV block, row mean, column mean and standard deviation rhomax",source_checked
uc20260930-rhomax-result-mean-rhomax-retinal-median-absolute-error-ev,median_absolute_error,0.045,uc20260930-source-rhomax-2024,"Table 1, eV block, row mean, column median rhomax-retinal",source_checked
uc20260930-rhomax-result-mean-rhomax-retinal-mean-absolute-error-ev,mean_absolute_error,0.057 ± 0.05,uc20260930-source-rhomax-2024,"Table 1, eV block, row mean, column mean and standard deviation rhomax-retinal",source_checked
uc20260930-rhomax-result-mean-blasso-median-absolute-error-ev,median_absolute_error,0.062,uc20260930-source-rhomax-2024,"Table 1, eV block, row mean, column median blasso",source_checked
uc20260930-rhomax-result-mean-blasso-mean-absolute-error-ev,mean_absolute_error,0.063 ± 0.05,uc20260930-source-rhomax-2024,"Table 1, eV block, row mean, column mean and standard deviation blasso",source_checked
uc20260930-rhomax-result-split-1-rhomax-median-absolute-error-nm,median_absolute_error,5.20,uc20260930-source-rhomax-2024,"Table 1, nm block, row split 1, column median rhomax",source_checked
uc20260930-rhomax-result-split-1-rhomax-mean-absolute-error-nm,mean_absolute_error,8.85 ± 10.5,uc20260930-source-rhomax-2024,"Table 1, nm block, row split 1, column mean and standard deviation rhomax",source_checked
uc20260930-rhomax-result-split-1-rhomax-retinal-median-absolute-error-nm,median_absolute_error,6.14,uc20260930-source-rhomax-2024,"Table 1, nm block, row split 1, column median rhomax-retinal",source_checked
uc20260930-rhomax-result-split-1-rhomax-retinal-mean-absolute-error-nm,mean_absolute_error,10.29 ± 12.2,uc20260930-source-rhomax-2024,"Table 1, nm block, row split 1, column mean and standard deviation rhomax-retinal",source_checked
uc20260930-rhomax-result-split-1-blasso-median-absolute-error-nm,median_absolute_error,9.94,uc20260930-source-rhomax-2024,"Table 1, nm block, row split 1, column median blasso",source_checked
uc20260930-rhomax-result-split-1-blasso-mean-absolute-error-nm,mean_absolute_error,10.58 ± 8.4,uc20260930-source-rhomax-2024,"Table 1, nm block, row split 1, column mean and standard deviation blasso",source_checked
uc20260930-rhomax-result-split-2-rhomax-median-absolute-error-nm,median_absolute_error,3.40,uc20260930-source-rhomax-2024,"Table 1, nm block, row split 2, column median rhomax",source_checked
uc20260930-rhomax-result-split-2-rhomax-mean-absolute-error-nm,mean_absolute_error,7.28 ± 10.2,uc20260930-source-rhomax-2024,"Table 1, nm block, row split 2, column mean and standard deviation rhomax",source_checked
uc20260930-rhomax-result-split-2-rhomax-retinal-median-absolute-error-nm,median_absolute_error,7.95,uc20260930-source-rhomax-2024,"Table 1, nm block, row split 2, column median rhomax-retinal",source_checked
uc20260930-rhomax-result-split-2-rhomax-retinal-mean-absolute-error-nm,mean_absolute_error,10.24 ± 9.3,uc20260930-source-rhomax-2024,"Table 1, nm block, row split 2, column mean and standard deviation rhomax-retinal",source_checked
uc20260930-rhomax-result-split-2-blasso-median-absolute-error-nm,median_absolute_error,13.55,uc20260930-source-rhomax-2024,"Table 1, nm block, row split 2, column median blasso",source_checked
uc20260930-rhomax-result-split-2-blasso-mean-absolute-error-nm,mean_absolute_error,13.89 ± 13.0,uc20260930-source-rhomax-2024,"Table 1, nm block, row split 2, column mean and standard deviation blasso",source_checked
uc20260930-rhomax-result-split-3-rhomax-median-absolute-error-nm,median_absolute_error,5.32,uc20260930-source-rhomax-2024,"Table 1, nm block, row split 3, column median rhomax",source_checked
uc20260930-rhomax-result-split-3-rhomax-mean-absolute-error-nm,mean_absolute_error,8.98 ± 10.9,uc20260930-source-rhomax-2024,"Table 1, nm block, row split 3, column mean and standard deviation rhomax",source_checked
uc20260930-rhomax-result-split-3-rhomax-retinal-median-absolute-error-nm,median_absolute_error,5.85,uc20260930-source-rhomax-2024,"Table 1, nm block, row split 3, column median rhomax-retinal",source_checked
uc20260930-rhomax-result-split-3-rhomax-retinal-mean-absolute-error-nm,mean_absolute_error,9.99 ± 11.6,uc20260930-source-rhomax-2024,"Table 1, nm block, row split 3, column mean and standard deviation rhomax-retinal",source_checked
uc20260930-rhomax-result-split-3-blasso-median-absolute-error-nm,median_absolute_error,10.12,uc20260930-source-rhomax-2024,"Table 1, nm block, row split 3, column median blasso",source_checked
uc20260930-rhomax-result-split-3-blasso-mean-absolute-error-nm,mean_absolute_error,10.10 ± 7.0,uc20260930-source-rhomax-2024,"Table 1, nm block, row split 3, column mean and standard deviation blasso",source_checked
uc20260930-rhomax-result-split-4-rhomax-median-absolute-error-nm,median_absolute_error,13.40,uc20260930-source-rhomax-2024,"Table 1, nm block, row split 4, column median rhomax",source_checked
uc20260930-rhomax-result-split-4-rhomax-mean-absolute-error-nm,mean_absolute_error,16.68 ± 14.6,uc20260930-source-rhomax-2024,"Table 1, nm block, row split 4, column mean and standard deviation rhomax",source_checked
uc20260930-rhomax-result-split-4-rhomax-retinal-median-absolute-error-nm,median_absolute_error,23.74,uc20260930-source-rhomax-2024,"Table 1, nm block, row split 4, column median rhomax-retinal",source_checked
uc20260930-rhomax-result-split-4-rhomax-retinal-mean-absolute-error-nm,mean_absolute_error,23.33 ± 13.7,uc20260930-source-rhomax-2024,"Table 1, nm block, row split 4, column mean and standard deviation rhomax-retinal",source_checked
uc20260930-rhomax-result-split-4-blasso-median-absolute-error-nm,median_absolute_error,25.70,uc20260930-source-rhomax-2024,"Table 1, nm block, row split 4, column median blasso",source_checked
uc20260930-rhomax-result-split-4-blasso-mean-absolute-error-nm,mean_absolute_error,25.02 ± 15.1,uc20260930-source-rhomax-2024,"Table 1, nm block, row split 4, column mean and standard deviation blasso",source_checked
uc20260930-rhomax-result-mean-rhomax-median-absolute-error-nm,median_absolute_error,6.83,uc20260930-source-rhomax-2024,"Table 1, nm block, row mean, column median rhomax",source_checked
uc20260930-rhomax-result-mean-rhomax-mean-absolute-error-nm,mean_absolute_error,10.45 ± 11.6,uc20260930-source-rhomax-2024,"Table 1, nm block, row mean, column mean and standard deviation rhomax",source_checked
uc20260930-rhomax-result-mean-rhomax-retinal-median-absolute-error-nm,median_absolute_error,10.92,uc20260930-source-rhomax-2024,"Table 1, nm block, row mean, column median rhomax-retinal",source_checked
uc20260930-rhomax-result-mean-rhomax-retinal-mean-absolute-error-nm,mean_absolute_error,13.46 ± 11.7,uc20260930-source-rhomax-2024,"Table 1, nm block, row mean, column mean and standard deviation rhomax-retinal",source_checked
uc20260930-rhomax-result-mean-blasso-median-absolute-error-nm,median_absolute_error,14.83,uc20260930-source-rhomax-2024,"Table 1, nm block, row mean, column median blasso",source_checked
uc20260930-rhomax-result-mean-blasso-mean-absolute-error-nm,mean_absolute_error,14.90 ± 10.9,uc20260930-source-rhomax-2024,"Table 1, nm block, row mean, column mean and standard deviation blasso",source_checked
uc20260930-jores-result-tobacco-leaves-gc-motif-linear,pearson_r_squared,0.51,uc20260930-source-jores-2021,"Figure 8a, tobacco-leaves panel; p849 Computational models predict and improve promoter strength",source_checked
uc20260930-jores-result-tobacco-leaves-cnn,pearson_r_squared,0.71,uc20260930-source-jores-2021,"Figure 8b, tobacco-leaves panel; p849 Computational models predict and improve promoter strength",source_checked
uc20260930-jores-result-maize-protoplasts-gc-motif-linear,pearson_r_squared,0.45,uc20260930-source-jores-2021,"Figure 8a, maize-protoplasts panel; p849 Computational models predict and improve promoter strength",source_checked
uc20260930-jores-result-maize-protoplasts-cnn,pearson_r_squared,0.67,uc20260930-source-jores-2021,"Figure 8b, maize-protoplasts panel; p849 Computational models predict and improve promoter strength",source_checked
uc20260930-framepool-result-random-50nt-optimus-50,pearson_r,0.966,uc20260930-source-framepool-2021;uc20260930-source-framepool-s1,"S1 Table cell B2; row Random 50nt, column Optimus 50; main text Evaluating frame pooling on MPRA data identifies Pearson correlation",source_checked
uc20260930-framepool-result-random-50nt-framepool-50,pearson_r,0.964,uc20260930-source-framepool-2021;uc20260930-source-framepool-s1,"S1 Table cell C2; row Random 50nt, column FramePool 50; main text Evaluating frame pooling on MPRA data identifies Pearson correlation",source_checked
uc20260930-framepool-result-random-50nt-optimus-100,pearson_r,0.938,uc20260930-source-framepool-2021;uc20260930-source-framepool-s1,"S1 Table cell D2; row Random 50nt, column Optimus 100; main text Evaluating frame pooling on MPRA data identifies Pearson correlation",source_checked
uc20260930-framepool-result-random-50nt-framepool-100,pearson_r,0.929,uc20260930-source-framepool-2021;uc20260930-source-framepool-s1,"S1 Table cell E2; row Random 50nt, column FramePool 100; main text Evaluating frame pooling on MPRA data identifies Pearson correlation",source_checked
uc20260930-framepool-result-random-50nt-framepool-combined,pearson_r,0.954,uc20260930-source-framepool-2021;uc20260930-source-framepool-s1,"S1 Table cell F2; row Random 50nt, column FramePool Combined; main text Evaluating frame pooling on MPRA data identifies Pearson correlation",source_checked
uc20260930-framepool-result-random-25-100nt-optimus-50,pearson_r,0.743,uc20260930-source-framepool-2021;uc20260930-source-framepool-s1,"S1 Table cell B3; row Random 25-100nt, column Optimus 50; main text Evaluating frame pooling on MPRA data identifies Pearson correlation",source_checked
uc20260930-framepool-result-random-25-100nt-framepool-50,pearson_r,0.901,uc20260930-source-framepool-2021;uc20260930-source-framepool-s1,"S1 Table cell C3; row Random 25-100nt, column FramePool 50; main text Evaluating frame pooling on MPRA data identifies Pearson correlation",source_checked
uc20260930-framepool-result-random-25-100nt-optimus-100,pearson_r,0.915,uc20260930-source-framepool-2021;uc20260930-source-framepool-s1,"S1 Table cell D3; row Random 25-100nt, column Optimus 100; main text Evaluating frame pooling on MPRA data identifies Pearson correlation",source_checked
uc20260930-framepool-result-random-25-100nt-framepool-100,pearson_r,0.903,uc20260930-source-framepool-2021;uc20260930-source-framepool-s1,"S1 Table cell E3; row Random 25-100nt, column FramePool 100; main text Evaluating frame pooling on MPRA data identifies Pearson correlation",source_checked
uc20260930-framepool-result-random-25-100nt-framepool-combined,pearson_r,0.914,uc20260930-source-framepool-2021;uc20260930-source-framepool-s1,"S1 Table cell F3; row Random 25-100nt, column FramePool Combined; main text Evaluating frame pooling on MPRA data identifies Pearson correlation",source_checked
uc20260930-framepool-result-human-50nt-optimus-50,pearson_r,0.889,uc20260930-source-framepool-2021;uc20260930-source-framepool-s1,"S1 Table cell B4; row Human 50nt, column Optimus 50; main text Evaluating frame pooling on MPRA data identifies Pearson correlation",source_checked
uc20260930-framepool-result-human-50nt-framepool-50,pearson_r,0.882,uc20260930-source-framepool-2021;uc20260930-source-framepool-s1,"S1 Table cell C4; row Human 50nt, column FramePool 50; main text Evaluating frame pooling on MPRA data identifies Pearson correlation",source_checked
uc20260930-framepool-result-human-50nt-optimus-100,pearson_r,0.852,uc20260930-source-framepool-2021;uc20260930-source-framepool-s1,"S1 Table cell D4; row Human 50nt, column Optimus 100; main text Evaluating frame pooling on MPRA data identifies Pearson correlation",source_checked
uc20260930-framepool-result-human-50nt-framepool-100,pearson_r,0.839,uc20260930-source-framepool-2021;uc20260930-source-framepool-s1,"S1 Table cell E4; row Human 50nt, column FramePool 100; main text Evaluating frame pooling on MPRA data identifies Pearson correlation",source_checked
uc20260930-framepool-result-human-50nt-framepool-combined,pearson_r,0.867,uc20260930-source-framepool-2021;uc20260930-source-framepool-s1,"S1 Table cell F4; row Human 50nt, column FramePool Combined; main text Evaluating frame pooling on MPRA data identifies Pearson correlation",source_checked
uc20260930-framepool-result-human-25-100nt-optimus-50,pearson_r,0.7,uc20260930-source-framepool-2021;uc20260930-source-framepool-s1,"S1 Table cell B5; row Human 25-100nt, column Optimus 50; main text Evaluating frame pooling on MPRA data identifies Pearson correlation",source_checked
uc20260930-framepool-result-human-25-100nt-framepool-50,pearson_r,0.871,uc20260930-source-framepool-2021;uc20260930-source-framepool-s1,"S1 Table cell C5; row Human 25-100nt, column FramePool 50; main text Evaluating frame pooling on MPRA data identifies Pearson correlation",source_checked
uc20260930-framepool-result-human-25-100nt-optimus-100,pearson_r,0.882,uc20260930-source-framepool-2021;uc20260930-source-framepool-s1,"S1 Table cell D5; row Human 25-100nt, column Optimus 100; main text Evaluating frame pooling on MPRA data identifies Pearson correlation",source_checked
uc20260930-framepool-result-human-25-100nt-framepool-100,pearson_r,0.884,uc20260930-source-framepool-2021;uc20260930-source-framepool-s1,"S1 Table cell E5; row Human 25-100nt, column FramePool 100; main text Evaluating frame pooling on MPRA data identifies Pearson correlation",source_checked
uc20260930-framepool-result-human-25-100nt-framepool-combined,pearson_r,0.894,uc20260930-source-framepool-2021;uc20260930-source-framepool-s1,"S1 Table cell F5; row Human 25-100nt, column FramePool Combined; main text Evaluating frame pooling on MPRA data identifies Pearson correlation",source_checked
uc20260930-framepool-result-random-50nt-3mer-random-forest,pearson_r,0.732,uc20260930-source-framepool-2021;uc20260930-source-framepool-s4,S4 Table cell B2; row 3mer_random_forest; S7–S8 MPRA correlation plots,source_checked
uc20260930-framepool-result-random-25-100nt-3mer-random-forest,pearson_r,0.616,uc20260930-source-framepool-2021;uc20260930-source-framepool-s4,S4 Table cell C2; row 3mer_random_forest; S7–S8 MPRA correlation plots,source_checked
uc20260930-framepool-result-random-50nt-4mer-random-forest,pearson_r,0.75,uc20260930-source-framepool-2021;uc20260930-source-framepool-s4,S4 Table cell B3; row 4mer_random_forest; S7–S8 MPRA correlation plots,source_checked
uc20260930-framepool-result-random-25-100nt-4mer-random-forest,pearson_r,0.647,uc20260930-source-framepool-2021;uc20260930-source-framepool-s4,S4 Table cell C3; row 4mer_random_forest; S7–S8 MPRA correlation plots,source_checked
uc20260930-framepool-result-random-50nt-frame-forest-4mer,pearson_r,0.877,uc20260930-source-framepool-2021;uc20260930-source-framepool-s4,S4 Table cell B4; row frame_forest (4mer); S7–S8 MPRA correlation plots,source_checked
uc20260930-framepool-result-random-25-100nt-frame-forest-4mer,pearson_r,0.772,uc20260930-source-framepool-2021;uc20260930-source-framepool-s4,S4 Table cell C4; row frame_forest (4mer); S7–S8 MPRA correlation plots,source_checked
uc20260930-framepool-result-random-50nt-frame-forest-hyperopt,pearson_r,0.876,uc20260930-source-framepool-2021;uc20260930-source-framepool-s4,S4 Table cell B5; row frame_forest_hyperopt; S7–S8 MPRA correlation plots,source_checked
uc20260930-framepool-result-random-25-100nt-frame-forest-hyperopt,pearson_r,0.778,uc20260930-source-framepool-2021;uc20260930-source-framepool-s4,S4 Table cell C5; row frame_forest_hyperopt; S7–S8 MPRA correlation plots,source_checked
uc20260930-framepool-result-random-50nt-5mer-frame-forest,pearson_r,0.803,uc20260930-source-framepool-2021;uc20260930-source-framepool-s4,S4 Table cell B6; row 5mer_frame_forest; S7–S8 MPRA correlation plots,source_checked
uc20260930-framepool-result-random-25-100nt-5mer-frame-forest,pearson_r,0.73,uc20260930-source-framepool-2021;uc20260930-source-framepool-s4,S4 Table cell C6; row 5mer_frame_forest; S7–S8 MPRA correlation plots,source_checked
uc20260930-proteingym-amfr-result-site-independent,spearman_rho,0.358,uc20260930-source-proteingym-amfr-spearman,"DMS_substitutions_Spearman_DMS_level.csv line 15, DMS ID=AMFR_HUMAN_Tsuboyama_2023_4G3O, column=Site-Independent",source_checked
uc20260930-proteingym-amfr-result-evmutation,spearman_rho,0.418,uc20260930-source-proteingym-amfr-spearman,"DMS_substitutions_Spearman_DMS_level.csv line 15, DMS ID=AMFR_HUMAN_Tsuboyama_2023_4G3O, column=EVmutation",source_checked
uc20260930-proteingym-amfr-result-deepsequence-single,spearman_rho,0.419,uc20260930-source-proteingym-amfr-spearman,"DMS_substitutions_Spearman_DMS_level.csv line 15, DMS ID=AMFR_HUMAN_Tsuboyama_2023_4G3O, column=DeepSequence (single)",source_checked
uc20260930-proteingym-amfr-result-deepsequence-ensemble,spearman_rho,0.407,uc20260930-source-proteingym-amfr-spearman,"DMS_substitutions_Spearman_DMS_level.csv line 15, DMS ID=AMFR_HUMAN_Tsuboyama_2023_4G3O, column=DeepSequence (ensemble)",source_checked
uc20260930-proteingym-amfr-result-eve-single,spearman_rho,0.386,uc20260930-source-proteingym-amfr-spearman,"DMS_substitutions_Spearman_DMS_level.csv line 15, DMS ID=AMFR_HUMAN_Tsuboyama_2023_4G3O, column=EVE (single)",source_checked
uc20260930-proteingym-amfr-result-eve-ensemble,spearman_rho,0.398,uc20260930-source-proteingym-amfr-spearman,"DMS_substitutions_Spearman_DMS_level.csv line 15, DMS ID=AMFR_HUMAN_Tsuboyama_2023_4G3O, column=EVE (ensemble)",source_checked
uc20260930-proteingym-amfr-result-unirep,spearman_rho,-0.301,uc20260930-source-proteingym-amfr-spearman,"DMS_substitutions_Spearman_DMS_level.csv line 15, DMS ID=AMFR_HUMAN_Tsuboyama_2023_4G3O, column=Unirep",source_checked
uc20260930-proteingym-amfr-result-unirep-evotuned,spearman_rho,0.13,uc20260930-source-proteingym-amfr-spearman,"DMS_substitutions_Spearman_DMS_level.csv line 15, DMS ID=AMFR_HUMAN_Tsuboyama_2023_4G3O, column=Unirep evotuned",source_checked
uc20260930-proteingym-amfr-result-msa-transformer-single,spearman_rho,0.22,uc20260930-source-proteingym-amfr-spearman,"DMS_substitutions_Spearman_DMS_level.csv line 15, DMS ID=AMFR_HUMAN_Tsuboyama_2023_4G3O, column=MSA Transformer (single)",source_checked
uc20260930-proteingym-amfr-result-msa-transformer-ensemble,spearman_rho,0.24,uc20260930-source-proteingym-amfr-spearman,"DMS_substitutions_Spearman_DMS_level.csv line 15, DMS ID=AMFR_HUMAN_Tsuboyama_2023_4G3O, column=MSA Transformer (ensemble)",source_checked
uc20260930-proteingym-amfr-result-esm-1b,spearman_rho,0.374,uc20260930-source-proteingym-amfr-spearman,"DMS_substitutions_Spearman_DMS_level.csv line 15, DMS ID=AMFR_HUMAN_Tsuboyama_2023_4G3O, column=ESM-1b",source_checked
uc20260930-proteingym-amfr-result-esm-1v-single,spearman_rho,0.07,uc20260930-source-proteingym-amfr-spearman,"DMS_substitutions_Spearman_DMS_level.csv line 15, DMS ID=AMFR_HUMAN_Tsuboyama_2023_4G3O, column=ESM-1v (single)",source_checked
uc20260930-proteingym-amfr-result-esm-1v-ensemble,spearman_rho,0.423,uc20260930-source-proteingym-amfr-spearman,"DMS_substitutions_Spearman_DMS_level.csv line 15, DMS ID=AMFR_HUMAN_Tsuboyama_2023_4G3O, column=ESM-1v (ensemble)",source_checked
uc20260930-proteingym-amfr-result-esm2-8m,spearman_rho,-0.209,uc20260930-source-proteingym-amfr-spearman,"DMS_substitutions_Spearman_DMS_level.csv line 15, DMS ID=AMFR_HUMAN_Tsuboyama_2023_4G3O, column=ESM2 (8M)",source_checked
uc20260930-proteingym-amfr-result-esm2-35m,spearman_rho,0.286,uc20260930-source-proteingym-amfr-spearman,"DMS_substitutions_Spearman_DMS_level.csv line 15, DMS ID=AMFR_HUMAN_Tsuboyama_2023_4G3O, column=ESM2 (35M)",source_checked
uc20260930-proteingym-amfr-result-esm2-150m,spearman_rho,0.321,uc20260930-source-proteingym-amfr-spearman,"DMS_substitutions_Spearman_DMS_level.csv line 15, DMS ID=AMFR_HUMAN_Tsuboyama_2023_4G3O, column=ESM2 (150M)",source_checked
uc20260930-proteingym-amfr-result-esm2-650m,spearman_rho,0.261,uc20260930-source-proteingym-amfr-spearman,"DMS_substitutions_Spearman_DMS_level.csv line 15, DMS ID=AMFR_HUMAN_Tsuboyama_2023_4G3O, column=ESM2 (650M)",source_checked
uc20260930-proteingym-amfr-result-esm2-3b,spearman_rho,0.297,uc20260930-source-proteingym-amfr-spearman,"DMS_substitutions_Spearman_DMS_level.csv line 15, DMS ID=AMFR_HUMAN_Tsuboyama_2023_4G3O, column=ESM2 (3B)",source_checked
uc20260930-proteingym-amfr-result-esm2-15b,spearman_rho,0.26,uc20260930-source-proteingym-amfr-spearman,"DMS_substitutions_Spearman_DMS_level.csv line 15, DMS ID=AMFR_HUMAN_Tsuboyama_2023_4G3O, column=ESM2 (15B)",source_checked
uc20260930-proteingym-amfr-result-wavenet,spearman_rho,0.062,uc20260930-source-proteingym-amfr-spearman,"DMS_substitutions_Spearman_DMS_level.csv line 15, DMS ID=AMFR_HUMAN_Tsuboyama_2023_4G3O, column=Wavenet",source_checked
uc20260930-proteingym-amfr-result-rita-s,spearman_rho,-0.052,uc20260930-source-proteingym-amfr-spearman,"DMS_substitutions_Spearman_DMS_level.csv line 15, DMS ID=AMFR_HUMAN_Tsuboyama_2023_4G3O, column=RITA S",source_checked
uc20260930-proteingym-amfr-result-rita-m,spearman_rho,-0.218,uc20260930-source-proteingym-amfr-spearman,"DMS_substitutions_Spearman_DMS_level.csv line 15, DMS ID=AMFR_HUMAN_Tsuboyama_2023_4G3O, column=RITA M",source_checked
uc20260930-proteingym-amfr-result-rita-l,spearman_rho,-0.051,uc20260930-source-proteingym-amfr-spearman,"DMS_substitutions_Spearman_DMS_level.csv line 15, DMS ID=AMFR_HUMAN_Tsuboyama_2023_4G3O, column=RITA L",source_checked
uc20260930-proteingym-amfr-result-rita-xl,spearman_rho,-0.038,uc20260930-source-proteingym-amfr-spearman,"DMS_substitutions_Spearman_DMS_level.csv line 15, DMS ID=AMFR_HUMAN_Tsuboyama_2023_4G3O, column=RITA XL",source_checked
uc20260930-proteingym-amfr-result-progen2-s,spearman_rho,-0.317,uc20260930-source-proteingym-amfr-spearman,"DMS_substitutions_Spearman_DMS_level.csv line 15, DMS ID=AMFR_HUMAN_Tsuboyama_2023_4G3O, column=Progen2 S",source_checked
uc20260930-proteingym-amfr-result-progen2-m,spearman_rho,-0.089,uc20260930-source-proteingym-amfr-spearman,"DMS_substitutions_Spearman_DMS_level.csv line 15, DMS ID=AMFR_HUMAN_Tsuboyama_2023_4G3O, column=Progen2 M",source_checked
uc20260930-proteingym-amfr-result-progen2-base,spearman_rho,-0.05,uc20260930-source-proteingym-amfr-spearman,"DMS_substitutions_Spearman_DMS_level.csv line 15, DMS ID=AMFR_HUMAN_Tsuboyama_2023_4G3O, column=Progen2 Base",source_checked
uc20260930-proteingym-amfr-result-progen2-l,spearman_rho,-0.121,uc20260930-source-proteingym-amfr-spearman,"DMS_substitutions_Spearman_DMS_level.csv line 15, DMS ID=AMFR_HUMAN_Tsuboyama_2023_4G3O, column=Progen2 L",source_checked
uc20260930-proteingym-amfr-result-progen2-xl,spearman_rho,0.056,uc20260930-source-proteingym-amfr-spearman,"DMS_substitutions_Spearman_DMS_level.csv line 15, DMS ID=AMFR_HUMAN_Tsuboyama_2023_4G3O, column=Progen2 XL",source_checked
uc20260930-proteingym-amfr-result-gemme,spearman_rho,0.396,uc20260930-source-proteingym-amfr-spearman,"DMS_substitutions_Spearman_DMS_level.csv line 15, DMS ID=AMFR_HUMAN_Tsuboyama_2023_4G3O, column=GEMME",source_checked
uc20260930-proteingym-amfr-result-vespa,spearman_rho,0.254,uc20260930-source-proteingym-amfr-spearman,"DMS_substitutions_Spearman_DMS_level.csv line 15, DMS ID=AMFR_HUMAN_Tsuboyama_2023_4G3O, column=VESPA",source_checked
uc20260930-proteingym-amfr-result-vespal,spearman_rho,0.228,uc20260930-source-proteingym-amfr-spearman,"DMS_substitutions_Spearman_DMS_level.csv line 15, DMS ID=AMFR_HUMAN_Tsuboyama_2023_4G3O, column=VESPAl",source_checked
uc20260930-proteingym-amfr-result-vespag,spearman_rho,0.289,uc20260930-source-proteingym-amfr-spearman,"DMS_substitutions_Spearman_DMS_level.csv line 15, DMS ID=AMFR_HUMAN_Tsuboyama_2023_4G3O, column=VespaG",source_checked
uc20260930-proteingym-amfr-result-protgpt2,spearman_rho,0.09,uc20260930-source-proteingym-amfr-spearman,"DMS_substitutions_Spearman_DMS_level.csv line 15, DMS ID=AMFR_HUMAN_Tsuboyama_2023_4G3O, column=ProtGPT2",source_checked
uc20260930-proteingym-amfr-result-tranception-s-no-retrieval,spearman_rho,-0.287,uc20260930-source-proteingym-amfr-spearman,"DMS_substitutions_Spearman_DMS_level.csv line 15, DMS ID=AMFR_HUMAN_Tsuboyama_2023_4G3O, column=Tranception S no retrieval",source_checked
uc20260930-proteingym-amfr-result-tranception-m-no-retrieval,spearman_rho,-0.139,uc20260930-source-proteingym-amfr-spearman,"DMS_substitutions_Spearman_DMS_level.csv line 15, DMS ID=AMFR_HUMAN_Tsuboyama_2023_4G3O, column=Tranception M no retrieval",source_checked
uc20260930-proteingym-amfr-result-tranception-l-no-retrieval,spearman_rho,-0.275,uc20260930-source-proteingym-amfr-spearman,"DMS_substitutions_Spearman_DMS_level.csv line 15, DMS ID=AMFR_HUMAN_Tsuboyama_2023_4G3O, column=Tranception L no retrieval",source_checked
uc20260930-proteingym-amfr-result-tranception-s,spearman_rho,0.392,uc20260930-source-proteingym-amfr-spearman,"DMS_substitutions_Spearman_DMS_level.csv line 15, DMS ID=AMFR_HUMAN_Tsuboyama_2023_4G3O, column=Tranception S",source_checked
uc20260930-proteingym-amfr-result-tranception-m,spearman_rho,0.402,uc20260930-source-proteingym-amfr-spearman,"DMS_substitutions_Spearman_DMS_level.csv line 15, DMS ID=AMFR_HUMAN_Tsuboyama_2023_4G3O, column=Tranception M",source_checked
uc20260930-proteingym-amfr-result-tranception-l,spearman_rho,0.356,uc20260930-source-proteingym-amfr-spearman,"DMS_substitutions_Spearman_DMS_level.csv line 15, DMS ID=AMFR_HUMAN_Tsuboyama_2023_4G3O, column=Tranception L",source_checked
uc20260930-proteingym-amfr-result-trancepteve-s,spearman_rho,0.424,uc20260930-source-proteingym-amfr-spearman,"DMS_substitutions_Spearman_DMS_level.csv line 15, DMS ID=AMFR_HUMAN_Tsuboyama_2023_4G3O, column=TranceptEVE S",source_checked
uc20260930-proteingym-amfr-result-trancepteve-m,spearman_rho,0.422,uc20260930-source-proteingym-amfr-spearman,"DMS_substitutions_Spearman_DMS_level.csv line 15, DMS ID=AMFR_HUMAN_Tsuboyama_2023_4G3O, column=TranceptEVE M",source_checked
uc20260930-proteingym-amfr-result-trancepteve-l,spearman_rho,0.374,uc20260930-source-proteingym-amfr-spearman,"DMS_substitutions_Spearman_DMS_level.csv line 15, DMS ID=AMFR_HUMAN_Tsuboyama_2023_4G3O, column=TranceptEVE L",source_checked
uc20260930-proteingym-amfr-result-carp-38m,spearman_rho,-0.185,uc20260930-source-proteingym-amfr-spearman,"DMS_substitutions_Spearman_DMS_level.csv line 15, DMS ID=AMFR_HUMAN_Tsuboyama_2023_4G3O, column=CARP (38M)",source_checked
uc20260930-proteingym-amfr-result-carp-600k,spearman_rho,-0.194,uc20260930-source-proteingym-amfr-spearman,"DMS_substitutions_Spearman_DMS_level.csv line 15, DMS ID=AMFR_HUMAN_Tsuboyama_2023_4G3O, column=CARP (600K)",source_checked
uc20260930-proteingym-amfr-result-carp-640m,spearman_rho,0.165,uc20260930-source-proteingym-amfr-spearman,"DMS_substitutions_Spearman_DMS_level.csv line 15, DMS ID=AMFR_HUMAN_Tsuboyama_2023_4G3O, column=CARP (640M)",source_checked
uc20260930-proteingym-amfr-result-carp-76m,spearman_rho,0.114,uc20260930-source-proteingym-amfr-spearman,"DMS_substitutions_Spearman_DMS_level.csv line 15, DMS ID=AMFR_HUMAN_Tsuboyama_2023_4G3O, column=CARP (76M)",source_checked
uc20260930-proteingym-amfr-result-mif,spearman_rho,0.251,uc20260930-source-proteingym-amfr-spearman,"DMS_substitutions_Spearman_DMS_level.csv line 15, DMS ID=AMFR_HUMAN_Tsuboyama_2023_4G3O, column=MIF",source_checked
uc20260930-proteingym-amfr-result-mif-st,spearman_rho,0.112,uc20260930-source-proteingym-amfr-spearman,"DMS_substitutions_Spearman_DMS_level.csv line 15, DMS ID=AMFR_HUMAN_Tsuboyama_2023_4G3O, column=MIF-ST",source_checked
uc20260930-proteingym-amfr-result-esm-if1,spearman_rho,0.433,uc20260930-source-proteingym-amfr-spearman,"DMS_substitutions_Spearman_DMS_level.csv line 15, DMS ID=AMFR_HUMAN_Tsuboyama_2023_4G3O, column=ESM-IF1",source_checked
uc20260930-proteingym-amfr-result-proteinmpnn,spearman_rho,0.353,uc20260930-source-proteingym-amfr-spearman,"DMS_substitutions_Spearman_DMS_level.csv line 15, DMS ID=AMFR_HUMAN_Tsuboyama_2023_4G3O, column=ProteinMPNN",source_checked
uc20260930-proteingym-amfr-result-protssn-k-10-h-512,spearman_rho,0.446,uc20260930-source-proteingym-amfr-spearman,"DMS_substitutions_Spearman_DMS_level.csv line 15, DMS ID=AMFR_HUMAN_Tsuboyama_2023_4G3O, column=ProtSSN (k=10, h=512)",source_checked
uc20260930-proteingym-amfr-result-protssn-k-10-h-768,spearman_rho,0.326,uc20260930-source-proteingym-amfr-spearman,"DMS_substitutions_Spearman_DMS_level.csv line 15, DMS ID=AMFR_HUMAN_Tsuboyama_2023_4G3O, column=ProtSSN (k=10, h=768)",source_checked
uc20260930-proteingym-amfr-result-protssn-k-10-h-1280,spearman_rho,0.204,uc20260930-source-proteingym-amfr-spearman,"DMS_substitutions_Spearman_DMS_level.csv line 15, DMS ID=AMFR_HUMAN_Tsuboyama_2023_4G3O, column=ProtSSN (k=10, h=1280)",source_checked
uc20260930-proteingym-amfr-result-protssn-k-20-h-512,spearman_rho,0.349,uc20260930-source-proteingym-amfr-spearman,"DMS_substitutions_Spearman_DMS_level.csv line 15, DMS ID=AMFR_HUMAN_Tsuboyama_2023_4G3O, column=ProtSSN (k=20, h=512)",source_checked
uc20260930-proteingym-amfr-result-protssn-k-20-h-768,spearman_rho,0.342,uc20260930-source-proteingym-amfr-spearman,"DMS_substitutions_Spearman_DMS_level.csv line 15, DMS ID=AMFR_HUMAN_Tsuboyama_2023_4G3O, column=ProtSSN (k=20, h=768)",source_checked
uc20260930-proteingym-amfr-result-protssn-k-20-h-1280,spearman_rho,0.349,uc20260930-source-proteingym-amfr-spearman,"DMS_substitutions_Spearman_DMS_level.csv line 15, DMS ID=AMFR_HUMAN_Tsuboyama_2023_4G3O, column=ProtSSN (k=20, h=1280)",source_checked
uc20260930-proteingym-amfr-result-protssn-k-30-h-512,spearman_rho,0.343,uc20260930-source-proteingym-amfr-spearman,"DMS_substitutions_Spearman_DMS_level.csv line 15, DMS ID=AMFR_HUMAN_Tsuboyama_2023_4G3O, column=ProtSSN (k=30, h=512)",source_checked
uc20260930-proteingym-amfr-result-protssn-k-30-h-768,spearman_rho,0.339,uc20260930-source-proteingym-amfr-spearman,"DMS_substitutions_Spearman_DMS_level.csv line 15, DMS ID=AMFR_HUMAN_Tsuboyama_2023_4G3O, column=ProtSSN (k=30, h=768)",source_checked
uc20260930-proteingym-amfr-result-protssn-k-30-h-1280,spearman_rho,0.361,uc20260930-source-proteingym-amfr-spearman,"DMS_substitutions_Spearman_DMS_level.csv line 15, DMS ID=AMFR_HUMAN_Tsuboyama_2023_4G3O, column=ProtSSN (k=30, h=1280)",source_checked
uc20260930-proteingym-amfr-result-protssn-ensemble,spearman_rho,0.343,uc20260930-source-proteingym-amfr-spearman,"DMS_substitutions_Spearman_DMS_level.csv line 15, DMS ID=AMFR_HUMAN_Tsuboyama_2023_4G3O, column=ProtSSN (ensemble)",source_checked
uc20260930-proteingym-amfr-result-saprot-650m,spearman_rho,0.347,uc20260930-source-proteingym-amfr-spearman,"DMS_substitutions_Spearman_DMS_level.csv line 15, DMS ID=AMFR_HUMAN_Tsuboyama_2023_4G3O, column=SaProt (650M)",source_checked
uc20260930-proteingym-amfr-result-saprot-35m,spearman_rho,0.397,uc20260930-source-proteingym-amfr-spearman,"DMS_substitutions_Spearman_DMS_level.csv line 15, DMS ID=AMFR_HUMAN_Tsuboyama_2023_4G3O, column=SaProt (35M)",source_checked
uc20260930-proteingym-amfr-result-poet-200m,spearman_rho,0.272,uc20260930-source-proteingym-amfr-spearman,"DMS_substitutions_Spearman_DMS_level.csv line 15, DMS ID=AMFR_HUMAN_Tsuboyama_2023_4G3O, column=PoET (200M)",source_checked
uc20260930-proteingym-amfr-result-mulan,spearman_rho,0.09,uc20260930-source-proteingym-amfr-spearman,"DMS_substitutions_Spearman_DMS_level.csv line 15, DMS ID=AMFR_HUMAN_Tsuboyama_2023_4G3O, column=MULAN",source_checked
uc20260930-proteingym-amfr-result-prosst-k-20,spearman_rho,0.363,uc20260930-source-proteingym-amfr-spearman,"DMS_substitutions_Spearman_DMS_level.csv line 15, DMS ID=AMFR_HUMAN_Tsuboyama_2023_4G3O, column=ProSST (K=20)",source_checked
uc20260930-proteingym-amfr-result-prosst-k-128,spearman_rho,0.418,uc20260930-source-proteingym-amfr-spearman,"DMS_substitutions_Spearman_DMS_level.csv line 15, DMS ID=AMFR_HUMAN_Tsuboyama_2023_4G3O, column=ProSST (K=128)",source_checked
uc20260930-proteingym-amfr-result-prosst-k-512,spearman_rho,0.479,uc20260930-source-proteingym-amfr-spearman,"DMS_substitutions_Spearman_DMS_level.csv line 15, DMS ID=AMFR_HUMAN_Tsuboyama_2023_4G3O, column=ProSST (K=512)",source_checked
uc20260930-proteingym-amfr-result-prosst-k-1024,spearman_rho,0.535,uc20260930-source-proteingym-amfr-spearman,"DMS_substitutions_Spearman_DMS_level.csv line 15, DMS ID=AMFR_HUMAN_Tsuboyama_2023_4G3O, column=ProSST (K=1024)",source_checked
uc20260930-proteingym-amfr-result-prosst-k-2048,spearman_rho,0.481,uc20260930-source-proteingym-amfr-spearman,"DMS_substitutions_Spearman_DMS_level.csv line 15, DMS ID=AMFR_HUMAN_Tsuboyama_2023_4G3O, column=ProSST (K=2048)",source_checked
uc20260930-proteingym-amfr-result-prosst-k-4096,spearman_rho,0.587,uc20260930-source-proteingym-amfr-spearman,"DMS_substitutions_Spearman_DMS_level.csv line 15, DMS ID=AMFR_HUMAN_Tsuboyama_2023_4G3O, column=ProSST (K=4096)",source_checked
uc20260930-proteingym-amfr-result-escott,spearman_rho,0.41,uc20260930-source-proteingym-amfr-spearman,"DMS_substitutions_Spearman_DMS_level.csv line 15, DMS ID=AMFR_HUMAN_Tsuboyama_2023_4G3O, column=ESCOTT",source_checked
uc20260930-proteingym-amfr-result-venusrem,spearman_rho,0.496,uc20260930-source-proteingym-amfr-spearman,"DMS_substitutions_Spearman_DMS_level.csv line 15, DMS ID=AMFR_HUMAN_Tsuboyama_2023_4G3O, column=VenusREM",source_checked
uc20260930-proteingym-amfr-result-rsalor,spearman_rho,0.341,uc20260930-source-proteingym-amfr-spearman,"DMS_substitutions_Spearman_DMS_level.csv line 15, DMS ID=AMFR_HUMAN_Tsuboyama_2023_4G3O, column=RSALOR",source_checked
uc20260930-proteingym-amfr-result-s2f,spearman_rho,0.328,uc20260930-source-proteingym-amfr-spearman,"DMS_substitutions_Spearman_DMS_level.csv line 15, DMS ID=AMFR_HUMAN_Tsuboyama_2023_4G3O, column=S2F",source_checked
uc20260930-proteingym-amfr-result-s2f-msa,spearman_rho,0.367,uc20260930-source-proteingym-amfr-spearman,"DMS_substitutions_Spearman_DMS_level.csv line 15, DMS ID=AMFR_HUMAN_Tsuboyama_2023_4G3O, column=S2F-MSA",source_checked
uc20260930-proteingym-amfr-result-s3f,spearman_rho,0.322,uc20260930-source-proteingym-amfr-spearman,"DMS_substitutions_Spearman_DMS_level.csv line 15, DMS ID=AMFR_HUMAN_Tsuboyama_2023_4G3O, column=S3F",source_checked
uc20260930-proteingym-amfr-result-s3f-msa,spearman_rho,0.362,uc20260930-source-proteingym-amfr-spearman,"DMS_substitutions_Spearman_DMS_level.csv line 15, DMS ID=AMFR_HUMAN_Tsuboyama_2023_4G3O, column=S3F-MSA",source_checked
uc20260930-proteingym-amfr-result-siterm,spearman_rho,0.251,uc20260930-source-proteingym-amfr-spearman,"DMS_substitutions_Spearman_DMS_level.csv line 15, DMS ID=AMFR_HUMAN_Tsuboyama_2023_4G3O, column=SiteRM",source_checked
uc20260930-proteingym-amfr-result-esm3-open-1-4b,spearman_rho,0.29,uc20260930-source-proteingym-amfr-spearman,"DMS_substitutions_Spearman_DMS_level.csv line 15, DMS ID=AMFR_HUMAN_Tsuboyama_2023_4G3O, column=ESM3 open (1.4B)",source_checked
uc20260930-proteingym-amfr-result-esm-c-300m,spearman_rho,0.364,uc20260930-source-proteingym-amfr-spearman,"DMS_substitutions_Spearman_DMS_level.csv line 15, DMS ID=AMFR_HUMAN_Tsuboyama_2023_4G3O, column=ESM-C (300M)",source_checked
uc20260930-proteingym-amfr-result-esm-c-600m,spearman_rho,0.262,uc20260930-source-proteingym-amfr-spearman,"DMS_substitutions_Spearman_DMS_level.csv line 15, DMS ID=AMFR_HUMAN_Tsuboyama_2023_4G3O, column=ESM-C (600M)",source_checked
uc20260930-proteingym-amfr-result-xtrimopglm-1b-mlm,spearman_rho,0.205,uc20260930-source-proteingym-amfr-spearman,"DMS_substitutions_Spearman_DMS_level.csv line 15, DMS ID=AMFR_HUMAN_Tsuboyama_2023_4G3O, column=xTrimoPGLM-1B-MLM",source_checked
uc20260930-proteingym-amfr-result-xtrimopglm-3b-mlm,spearman_rho,0.247,uc20260930-source-proteingym-amfr-spearman,"DMS_substitutions_Spearman_DMS_level.csv line 15, DMS ID=AMFR_HUMAN_Tsuboyama_2023_4G3O, column=xTrimoPGLM-3B-MLM",source_checked
uc20260930-proteingym-amfr-result-xtrimopglm-10b-mlm,spearman_rho,0.253,uc20260930-source-proteingym-amfr-spearman,"DMS_substitutions_Spearman_DMS_level.csv line 15, DMS ID=AMFR_HUMAN_Tsuboyama_2023_4G3O, column=xTrimoPGLM-10B-MLM",source_checked
uc20260930-proteingym-amfr-result-xtrimopglm-1b-clm,spearman_rho,-0.064,uc20260930-source-proteingym-amfr-spearman,"DMS_substitutions_Spearman_DMS_level.csv line 15, DMS ID=AMFR_HUMAN_Tsuboyama_2023_4G3O, column=xTrimoPGLM-1B-CLM",source_checked
uc20260930-proteingym-amfr-result-xtrimopglm-3b-clm,spearman_rho,-0.224,uc20260930-source-proteingym-amfr-spearman,"DMS_substitutions_Spearman_DMS_level.csv line 15, DMS ID=AMFR_HUMAN_Tsuboyama_2023_4G3O, column=xTrimoPGLM-3B-CLM",source_checked
uc20260930-proteingym-amfr-result-xtrimopglm-7b-clm,spearman_rho,-0.144,uc20260930-source-proteingym-amfr-spearman,"DMS_substitutions_Spearman_DMS_level.csv line 15, DMS ID=AMFR_HUMAN_Tsuboyama_2023_4G3O, column=xTrimoPGLM-7B-CLM",source_checked
uc20260930-proteingym-amfr-result-xtrimopglm-100b-int4,spearman_rho,0.262,uc20260930-source-proteingym-amfr-spearman,"DMS_substitutions_Spearman_DMS_level.csv line 15, DMS ID=AMFR_HUMAN_Tsuboyama_2023_4G3O, column=xTrimoPGLM-100B-int4",source_checked
uc20260930-proteingym-amfr-result-progen3-112m,spearman_rho,-0.257,uc20260930-source-proteingym-amfr-spearman,"DMS_substitutions_Spearman_DMS_level.csv line 15, DMS ID=AMFR_HUMAN_Tsuboyama_2023_4G3O, column=Progen3 112m",source_checked
uc20260930-proteingym-amfr-result-progen3-219m,spearman_rho,-0.164,uc20260930-source-proteingym-amfr-spearman,"DMS_substitutions_Spearman_DMS_level.csv line 15, DMS ID=AMFR_HUMAN_Tsuboyama_2023_4G3O, column=Progen3 219m",source_checked
uc20260930-proteingym-amfr-result-progen3-339m,spearman_rho,-0.253,uc20260930-source-proteingym-amfr-spearman,"DMS_substitutions_Spearman_DMS_level.csv line 15, DMS ID=AMFR_HUMAN_Tsuboyama_2023_4G3O, column=Progen3 339m",source_checked
uc20260930-proteingym-amfr-result-progen3-762m,spearman_rho,-0.209,uc20260930-source-proteingym-amfr-spearman,"DMS_substitutions_Spearman_DMS_level.csv line 15, DMS ID=AMFR_HUMAN_Tsuboyama_2023_4G3O, column=Progen3 762m",source_checked
uc20260930-proteingym-amfr-result-progen3-1b,spearman_rho,-0.153,uc20260930-source-proteingym-amfr-spearman,"DMS_substitutions_Spearman_DMS_level.csv line 15, DMS ID=AMFR_HUMAN_Tsuboyama_2023_4G3O, column=Progen3 1B",source_checked
uc20260930-proteingym-amfr-result-progen3-3b,spearman_rho,-0.133,uc20260930-source-proteingym-amfr-spearman,"DMS_substitutions_Spearman_DMS_level.csv line 15, DMS ID=AMFR_HUMAN_Tsuboyama_2023_4G3O, column=Progen3 3B",source_checked
uc20260930-proteingym-amfr-result-aido-protein-rag-16b,spearman_rho,0.445,uc20260930-source-proteingym-amfr-spearman,"DMS_substitutions_Spearman_DMS_level.csv line 15, DMS ID=AMFR_HUMAN_Tsuboyama_2023_4G3O, column=AIDO Protein-RAG (16B)",source_checked
uc20260930-proteingym-amfr-result-protriever,spearman_rho,0.355,uc20260930-source-proteingym-amfr-spearman,"DMS_substitutions_Spearman_DMS_level.csv line 15, DMS ID=AMFR_HUMAN_Tsuboyama_2023_4G3O, column=Protriever",source_checked
uc20260930-msalign-v2-result-spectraverse-formula-free-deepset-r1,recall_at_1,2.0 ± 0.4,uc20260930-source-msalign-v2,"Table 3 p7; spectraverse block, R@1 row, DeepSet column",source_checked
uc20260930-msalign-v2-result-spectraverse-formula-free-deepset-r5,recall_at_5,8.4 ± 1.0,uc20260930-source-msalign-v2,"Table 3 p7; spectraverse block, R@5 row, DeepSet column",source_checked
uc20260930-msalign-v2-result-spectraverse-formula-free-deepset-r20,recall_at_20,22.9 ± 0.9,uc20260930-source-msalign-v2,"Table 3 p7; spectraverse block, R@20 row, DeepSet column",source_checked
uc20260930-msalign-v2-result-spectraverse-formula-free-jestr-r1,recall_at_1,5.4 ± 0.2,uc20260930-source-msalign-v2,"Table 3 p7; spectraverse block, R@1 row, JESTR column",source_checked
uc20260930-msalign-v2-result-spectraverse-formula-free-jestr-r5,recall_at_5,17.5 ± 1.3,uc20260930-source-msalign-v2,"Table 3 p7; spectraverse block, R@5 row, JESTR column",source_checked
uc20260930-msalign-v2-result-spectraverse-formula-free-jestr-r20,recall_at_20,39.4 ± 2.0,uc20260930-source-msalign-v2,"Table 3 p7; spectraverse block, R@20 row, JESTR column",source_checked
uc20260930-msalign-v2-result-spectraverse-formula-free-emb-cos-r1,recall_at_1,26.6 ± 1.9,uc20260930-source-msalign-v2,"Table 3 p7; spectraverse block, R@1 row, Emb-Cos column",source_checked
uc20260930-msalign-v2-result-spectraverse-formula-free-emb-cos-r5,recall_at_5,49.5 ± 1.0,uc20260930-source-msalign-v2,"Table 3 p7; spectraverse block, R@5 row, Emb-Cos column",source_checked
uc20260930-msalign-v2-result-spectraverse-formula-free-emb-cos-r20,recall_at_20,71.0 ± 1.3,uc20260930-source-msalign-v2,"Table 3 p7; spectraverse block, R@20 row, Emb-Cos column",source_checked
uc20260930-msalign-v2-result-spectraverse-formula-free-msalign-r1,recall_at_1,31.8 ± 2.6,uc20260930-source-msalign-v2,"Table 3 p7; spectraverse block, R@1 row, MSAlign column",source_checked
uc20260930-msalign-v2-result-spectraverse-formula-free-msalign-r5,recall_at_5,58.2 ± 1.9,uc20260930-source-msalign-v2,"Table 3 p7; spectraverse block, R@5 row, MSAlign column",source_checked
uc20260930-msalign-v2-result-spectraverse-formula-free-msalign-r20,recall_at_20,78.3 ± 1.7,uc20260930-source-msalign-v2,"Table 3 p7; spectraverse block, R@20 row, MSAlign column",source_checked
uc20260930-msalign-v2-result-spectraverse-formula-free-msalign-score-fusion-overbar-r1,recall_at_1,41.3 ± 2.7,uc20260930-source-msalign-v2,"Table 3 p7; spectraverse block, R@1 row, MSAlign score fusion (overbar) column",source_checked
uc20260930-msalign-v2-result-spectraverse-formula-free-msalign-score-fusion-overbar-r5,recall_at_5,68.3 ± 1.7,uc20260930-source-msalign-v2,"Table 3 p7; spectraverse block, R@5 row, MSAlign score fusion (overbar) column",source_checked
uc20260930-msalign-v2-result-spectraverse-formula-free-msalign-score-fusion-overbar-r20,recall_at_20,85.4 ± 0.9,uc20260930-source-msalign-v2,"Table 3 p7; spectraverse block, R@20 row, MSAlign score fusion (overbar) column",source_checked
uc20260930-msalign-v2-result-spectraverse-formula-oracle-mist-r1,recall_at_1,22.7 ± 1.6,uc20260930-source-msalign-v2,"Table 3 p7; spectraverse block, R@1 row, MIST column",source_checked
uc20260930-msalign-v2-result-spectraverse-formula-oracle-mist-r5,recall_at_5,41.5 ± 0.8,uc20260930-source-msalign-v2,"Table 3 p7; spectraverse block, R@5 row, MIST column",source_checked
uc20260930-msalign-v2-result-spectraverse-formula-oracle-mist-r20,recall_at_20,64.1 ± 0.5,uc20260930-source-msalign-v2,"Table 3 p7; spectraverse block, R@20 row, MIST column",source_checked
uc20260930-msalign-v2-result-spectraverse-formula-oracle-mvp-r1,recall_at_1,9.6 ± 0.6,uc20260930-source-msalign-v2,"Table 3 p7; spectraverse block, R@1 row, MVP column",source_checked
uc20260930-msalign-v2-result-spectraverse-formula-oracle-mvp-r5,recall_at_5,25.9 ± 1.8,uc20260930-source-msalign-v2,"Table 3 p7; spectraverse block, R@5 row, MVP column",source_checked
uc20260930-msalign-v2-result-spectraverse-formula-oracle-mvp-r20,recall_at_20,48.3 ± 0.7,uc20260930-source-msalign-v2,"Table 3 p7; spectraverse block, R@20 row, MVP column",source_checked
uc20260930-msalign-v2-result-spectraverse-formula-oracle-flare-r1,recall_at_1,14.2 ± 1.1,uc20260930-source-msalign-v2,"Table 3 p7; spectraverse block, R@1 row, FLARE column",source_checked
uc20260930-msalign-v2-result-spectraverse-formula-oracle-flare-r5,recall_at_5,34.7 ± 2.6,uc20260930-source-msalign-v2,"Table 3 p7; spectraverse block, R@5 row, FLARE column",source_checked
uc20260930-msalign-v2-result-spectraverse-formula-oracle-flare-r20,recall_at_20,60.3 ± 2.0,uc20260930-source-msalign-v2,"Table 3 p7; spectraverse block, R@20 row, FLARE column",source_checked
uc20260930-msalign-v2-result-spectraverse-formula-oracle-msalign-score-fusion-filter-overbar-r1,recall_at_1,44.4 ± 2.6,uc20260930-source-msalign-v2,"Table 3 p7; spectraverse block, R@1 row, MSAlign score fusion +Filter (overbar) column",source_checked
uc20260930-msalign-v2-result-spectraverse-formula-oracle-msalign-score-fusion-filter-overbar-r5,recall_at_5,71.4 ± 1.5,uc20260930-source-msalign-v2,"Table 3 p7; spectraverse block, R@5 row, MSAlign score fusion +Filter (overbar) column",source_checked
uc20260930-msalign-v2-result-spectraverse-formula-oracle-msalign-score-fusion-filter-overbar-r20,recall_at_20,87.5 ± 0.9,uc20260930-source-msalign-v2,"Table 3 p7; spectraverse block, R@20 row, MSAlign score fusion +Filter (overbar) column",source_checked
uc20260930-msalign-v2-result-massspecgym-formula-formula-free-deepset-r1,recall_at_1,4.7 ± 0.6,uc20260930-source-msalign-v2,"Table 3 p7; massspecgym-formula block, R@1 row, DeepSet column",source_checked
uc20260930-msalign-v2-result-massspecgym-formula-formula-free-deepset-r5,recall_at_5,13.0 ± 1.3,uc20260930-source-msalign-v2,"Table 3 p7; massspecgym-formula block, R@5 row, DeepSet column",source_checked
uc20260930-msalign-v2-result-massspecgym-formula-formula-free-deepset-r20,recall_at_20,27.5 ± 2.0,uc20260930-source-msalign-v2,"Table 3 p7; massspecgym-formula block, R@20 row, DeepSet column",source_checked
uc20260930-msalign-v2-result-massspecgym-formula-formula-free-jestr-r1,recall_at_1,13.9 ± 0.5,uc20260930-source-msalign-v2,"Table 3 p7; massspecgym-formula block, R@1 row, JESTR column",source_checked
uc20260930-msalign-v2-result-massspecgym-formula-formula-free-jestr-r5,recall_at_5,32.5 ± 0.8,uc20260930-source-msalign-v2,"Table 3 p7; massspecgym-formula block, R@5 row, JESTR column",source_checked
uc20260930-msalign-v2-result-massspecgym-formula-formula-free-jestr-r20,recall_at_20,57.0 ± 0.7,uc20260930-source-msalign-v2,"Table 3 p7; massspecgym-formula block, R@20 row, JESTR column",source_checked
uc20260930-msalign-v2-result-massspecgym-formula-formula-free-emb-cos-r1,recall_at_1,42.7 ± 3.0,uc20260930-source-msalign-v2,"Table 3 p7; massspecgym-formula block, R@1 row, Emb-Cos column",source_checked
uc20260930-msalign-v2-result-massspecgym-formula-formula-free-emb-cos-r5,recall_at_5,65.2 ± 2.8,uc20260930-source-msalign-v2,"Table 3 p7; massspecgym-formula block, R@5 row, Emb-Cos column",source_checked
uc20260930-msalign-v2-result-massspecgym-formula-formula-free-emb-cos-r20,recall_at_20,80.4 ± 1.6,uc20260930-source-msalign-v2,"Table 3 p7; massspecgym-formula block, R@20 row, Emb-Cos column",source_checked
uc20260930-msalign-v2-result-massspecgym-formula-formula-free-msalign-r1,recall_at_1,47.5 ± 3.4,uc20260930-source-msalign-v2,"Table 3 p7; massspecgym-formula block, R@1 row, MSAlign column",source_checked
uc20260930-msalign-v2-result-massspecgym-formula-formula-free-msalign-r5,recall_at_5,71.3 ± 2.6,uc20260930-source-msalign-v2,"Table 3 p7; massspecgym-formula block, R@5 row, MSAlign column",source_checked
uc20260930-msalign-v2-result-massspecgym-formula-formula-free-msalign-r20,recall_at_20,87.0 ± 1.1,uc20260930-source-msalign-v2,"Table 3 p7; massspecgym-formula block, R@20 row, MSAlign column",source_checked
uc20260930-msalign-v2-result-massspecgym-formula-formula-free-msalign-score-fusion-overbar-r1,recall_at_1,58.2 ± 3.4,uc20260930-source-msalign-v2,"Table 3 p7; massspecgym-formula block, R@1 row, MSAlign score fusion (overbar) column",source_checked
uc20260930-msalign-v2-result-massspecgym-formula-formula-free-msalign-score-fusion-overbar-r5,recall_at_5,80.7 ± 3.0,uc20260930-source-msalign-v2,"Table 3 p7; massspecgym-formula block, R@5 row, MSAlign score fusion (overbar) column",source_checked
uc20260930-msalign-v2-result-massspecgym-formula-formula-free-msalign-score-fusion-overbar-r20,recall_at_20,92.8 ± 1.1,uc20260930-source-msalign-v2,"Table 3 p7; massspecgym-formula block, R@20 row, MSAlign score fusion (overbar) column",source_checked
uc20260930-msalign-v2-result-massspecgym-formula-formula-oracle-mist-r1,recall_at_1,41.4 ± 1.7,uc20260930-source-msalign-v2,"Table 3 p7; massspecgym-formula block, R@1 row, MIST column",source_checked
uc20260930-msalign-v2-result-massspecgym-formula-formula-oracle-mist-r5,recall_at_5,60.8 ± 0.7,uc20260930-source-msalign-v2,"Table 3 p7; massspecgym-formula block, R@5 row, MIST column",source_checked
uc20260930-msalign-v2-result-massspecgym-formula-formula-oracle-mist-r20,recall_at_20,76.2 ± 0.9,uc20260930-source-msalign-v2,"Table 3 p7; massspecgym-formula block, R@20 row, MIST column",source_checked
uc20260930-msalign-v2-result-massspecgym-formula-formula-oracle-mvp-r1,recall_at_1,23.3 ± 3.4,uc20260930-source-msalign-v2,"Table 3 p7; massspecgym-formula block, R@1 row, MVP column",source_checked
uc20260930-msalign-v2-result-massspecgym-formula-formula-oracle-mvp-r5,recall_at_5,47.3 ± 2.0,uc20260930-source-msalign-v2,"Table 3 p7; massspecgym-formula block, R@5 row, MVP column",source_checked
uc20260930-msalign-v2-result-massspecgym-formula-formula-oracle-mvp-r20,recall_at_20,71.8 ± 0.6,uc20260930-source-msalign-v2,"Table 3 p7; massspecgym-formula block, R@20 row, MVP column",source_checked
uc20260930-msalign-v2-result-massspecgym-formula-formula-oracle-flare-r1,recall_at_1,32.8 ± 2.5,uc20260930-source-msalign-v2,"Table 3 p7; massspecgym-formula block, R@1 row, FLARE column",source_checked
uc20260930-msalign-v2-result-massspecgym-formula-formula-oracle-flare-r5,recall_at_5,61.8 ± 2.1,uc20260930-source-msalign-v2,"Table 3 p7; massspecgym-formula block, R@5 row, FLARE column",source_checked
uc20260930-msalign-v2-result-massspecgym-formula-formula-oracle-flare-r20,recall_at_20,82.3 ± 1.5,uc20260930-source-msalign-v2,"Table 3 p7; massspecgym-formula block, R@20 row, FLARE column",source_checked
uc20260930-msalign-v2-result-massspecgym-formula-formula-oracle-msalign-score-fusion-filter-overbar-r1,recall_at_1,60.4 ± 3.7,uc20260930-source-msalign-v2,"Table 3 p7; massspecgym-formula block, R@1 row, MSAlign score fusion +Filter (overbar) column",source_checked
uc20260930-msalign-v2-result-massspecgym-formula-formula-oracle-msalign-score-fusion-filter-overbar-r5,recall_at_5,82.1 ± 3.3,uc20260930-source-msalign-v2,"Table 3 p7; massspecgym-formula block, R@5 row, MSAlign score fusion +Filter (overbar) column",source_checked
uc20260930-msalign-v2-result-massspecgym-formula-formula-oracle-msalign-score-fusion-filter-overbar-r20,recall_at_20,93.6 ± 1.1,uc20260930-source-msalign-v2,"Table 3 p7; massspecgym-formula block, R@20 row, MSAlign score fusion +Filter (overbar) column",source_checked
uc20260930-msalign-v2-result-massspecgym-mces-formula-free-deepset-r1,recall_at_1,1.9 ± 0.5,uc20260930-source-msalign-v2,"Table 3 p7; massspecgym-mces block, R@1 row, DeepSet column",source_checked
uc20260930-msalign-v2-result-massspecgym-mces-formula-free-deepset-r5,recall_at_5,8.4 ± 0.6,uc20260930-source-msalign-v2,"Table 3 p7; massspecgym-mces block, R@5 row, DeepSet column",source_checked
uc20260930-msalign-v2-result-massspecgym-mces-formula-free-deepset-r20,recall_at_20,21.8 ± 1.4,uc20260930-source-msalign-v2,"Table 3 p7; massspecgym-mces block, R@20 row, DeepSet column",source_checked
uc20260930-msalign-v2-result-massspecgym-mces-formula-free-jestr-r1,recall_at_1,7.9 ± 1.1,uc20260930-source-msalign-v2,"Table 3 p7; massspecgym-mces block, R@1 row, JESTR column",source_checked
uc20260930-msalign-v2-result-massspecgym-mces-formula-free-jestr-r5,recall_at_5,22.3 ± 1.4,uc20260930-source-msalign-v2,"Table 3 p7; massspecgym-mces block, R@5 row, JESTR column",source_checked
uc20260930-msalign-v2-result-massspecgym-mces-formula-free-jestr-r20,recall_at_20,44.8 ± 1.9,uc20260930-source-msalign-v2,"Table 3 p7; massspecgym-mces block, R@20 row, JESTR column",source_checked
uc20260930-msalign-v2-result-massspecgym-mces-formula-free-emb-cos-r1,recall_at_1,12.6 ± 0.2,uc20260930-source-msalign-v2,"Table 3 p7; massspecgym-mces block, R@1 row, Emb-Cos column",source_checked
uc20260930-msalign-v2-result-massspecgym-mces-formula-free-emb-cos-r5,recall_at_5,29.9 ± 0.2,uc20260930-source-msalign-v2,"Table 3 p7; massspecgym-mces block, R@5 row, Emb-Cos column",source_checked
uc20260930-msalign-v2-result-massspecgym-mces-formula-free-emb-cos-r20,recall_at_20,51.6 ± 0.9,uc20260930-source-msalign-v2,"Table 3 p7; massspecgym-mces block, R@20 row, Emb-Cos column",source_checked
uc20260930-msalign-v2-result-massspecgym-mces-formula-free-msalign-r1,recall_at_1,19.0 ± 3.2,uc20260930-source-msalign-v2,"Table 3 p7; massspecgym-mces block, R@1 row, MSAlign column",source_checked
uc20260930-msalign-v2-result-massspecgym-mces-formula-free-msalign-r5,recall_at_5,41.2 ± 2.5,uc20260930-source-msalign-v2,"Table 3 p7; massspecgym-mces block, R@5 row, MSAlign column",source_checked
uc20260930-msalign-v2-result-massspecgym-mces-formula-free-msalign-r20,recall_at_20,64.9 ± 0.9,uc20260930-source-msalign-v2,"Table 3 p7; massspecgym-mces block, R@20 row, MSAlign column",source_checked
uc20260930-msalign-v2-result-massspecgym-mces-formula-free-msalign-score-fusion-overbar-r1,recall_at_1,30.8 ± 2.5,uc20260930-source-msalign-v2,"Table 3 p7; massspecgym-mces block, R@1 row, MSAlign score fusion (overbar) column",source_checked
uc20260930-msalign-v2-result-massspecgym-mces-formula-free-msalign-score-fusion-overbar-r5,recall_at_5,59.3 ± 0.7,uc20260930-source-msalign-v2,"Table 3 p7; massspecgym-mces block, R@5 row, MSAlign score fusion (overbar) column",source_checked
uc20260930-msalign-v2-result-massspecgym-mces-formula-free-msalign-score-fusion-overbar-r20,recall_at_20,82.0 ± 0.8,uc20260930-source-msalign-v2,"Table 3 p7; massspecgym-mces block, R@20 row, MSAlign score fusion (overbar) column",source_checked
uc20260930-msalign-v2-result-massspecgym-mces-formula-oracle-mist-r1,recall_at_1,16.4 ± 0.1,uc20260930-source-msalign-v2,"Table 3 p7; massspecgym-mces block, R@1 row, MIST column",source_checked
uc20260930-msalign-v2-result-massspecgym-mces-formula-oracle-mist-r5,recall_at_5,35.8 ± 0.7,uc20260930-source-msalign-v2,"Table 3 p7; massspecgym-mces block, R@5 row, MIST column",source_checked
uc20260930-msalign-v2-result-massspecgym-mces-formula-oracle-mist-r20,recall_at_20,60.2 ± 2.3,uc20260930-source-msalign-v2,"Table 3 p7; massspecgym-mces block, R@20 row, MIST column",source_checked
uc20260930-msalign-v2-result-massspecgym-mces-formula-oracle-mvp-r1,recall_at_1,25.6 ± 0.8,uc20260930-source-msalign-v2,"Table 3 p7; massspecgym-mces block, R@1 row, MVP column",source_checked
uc20260930-msalign-v2-result-massspecgym-mces-formula-oracle-mvp-r5,recall_at_5,55.3 ± 0.1,uc20260930-source-msalign-v2,"Table 3 p7; massspecgym-mces block, R@5 row, MVP column",source_checked
uc20260930-msalign-v2-result-massspecgym-mces-formula-oracle-mvp-r20,recall_at_20,79.9 ± 2.3,uc20260930-source-msalign-v2,"Table 3 p7; massspecgym-mces block, R@20 row, MVP column",source_checked
uc20260930-msalign-v2-result-massspecgym-mces-formula-oracle-flare-r1,recall_at_1,28.4 ± 2.1,uc20260930-source-msalign-v2,"Table 3 p7; massspecgym-mces block, R@1 row, FLARE column",source_checked
uc20260930-msalign-v2-result-massspecgym-mces-formula-oracle-flare-r5,recall_at_5,60.2 ± 1.4,uc20260930-source-msalign-v2,"Table 3 p7; massspecgym-mces block, R@5 row, FLARE column",source_checked
uc20260930-msalign-v2-result-massspecgym-mces-formula-oracle-flare-r20,recall_at_20,82.8 ± 2.8,uc20260930-source-msalign-v2,"Table 3 p7; massspecgym-mces block, R@20 row, FLARE column",source_checked
uc20260930-msalign-v2-result-massspecgym-mces-formula-oracle-msalign-score-fusion-filter-overbar-r1,recall_at_1,37.7 ± 1.3,uc20260930-source-msalign-v2,"Table 3 p7; massspecgym-mces block, R@1 row, MSAlign score fusion +Filter (overbar) column",source_checked
uc20260930-msalign-v2-result-massspecgym-mces-formula-oracle-msalign-score-fusion-filter-overbar-r5,recall_at_5,67.2 ± 1.0,uc20260930-source-msalign-v2,"Table 3 p7; massspecgym-mces block, R@5 row, MSAlign score fusion +Filter (overbar) column",source_checked
uc20260930-msalign-v2-result-massspecgym-mces-formula-oracle-msalign-score-fusion-filter-overbar-r20,recall_at_20,87.1 ± 2.3,uc20260930-source-msalign-v2,"Table 3 p7; massspecgym-mces block, R@20 row, MSAlign score fusion +Filter (overbar) column",source_checked
