id,paper_id,domain_id,task,model,model_version,dataset,dataset_version,split,metric,value,unit,uncertainty,protocol,source_locator,source_url,evaluation_origin,reviewed_utc
b2-dart-eval-regulatory-2024,dart-eval-regulatory-2024,dna-genomes,regulatory element identification,DNABERT-2,not stated in table,DART-Eval cCREs versus matched shuffled controls,,paper evaluation,accuracy,0.876,fraction,,zero-shot likelihood ranking: higher likelihood for cCRE than matched control,"Table 3, DNABERT-2 row, Zero-Shot Accuracy column",https://proceedings.neurips.cc/paper_files/paper/2024/file/71998bfc3217ffe1cca1ee084dfadadd-Paper-Datasets_and_Benchmarks_Track.pdf,independent_paper,2026-09-15T23:33:26Z
b2-fusion-breakpoint-foundation-models-2026,fusion-breakpoint-foundation-models-2026,dna-genomes,gene fusion breakpoint classification,Nucleotide Transformer + NN (middle),not stated in table,gene fusion breakpoint DNA sequences,,full test set,ROC AUC,0.994,fraction,,middle embedding with neural-network classifier,"Table 2, NT / NN (middle) row, ROC AUC column",https://pmc.ncbi.nlm.nih.gov/articles/PMC13182013/,independent_paper,2026-09-15T23:33:26Z
b2-polya-glm-2025,polya-glm-2025,dna-genomes,polyadenylation site detection,HyenaDNA,not stated in table,poly(A) Gene-Gene,,5-fold cross-validation,AUC,0.7510,fraction,,few-shot Gene-Gene negative-set comparison,"Table 1, Few-shot HyenaDNA row, G-G AUC column",https://pmc.ncbi.nlm.nih.gov/articles/PMC12799945/,independent_paper,2026-09-15T23:33:26Z
b2-phylogpn-2025,phylogpn-2025,dna-genomes,ClinVar 3-prime UTR variant classification,PhyloGPN,not stated in table,ClinVar 3-prime UTR variants,,paper evaluation,AUROC,0.94,fraction,,log-likelihood-ratio scoring,"Table 1, 3-prime UTR row, PhyloGPN AUROC column",https://pmc.ncbi.nlm.nih.gov/articles/PMC11908359/,author_reported,2026-09-15T23:33:26Z
b2-dnabert2-enhancer-2025,dnabert2-enhancer-2025,dna-genomes,enhancer recognition,DNABERT2-Enhancer,not stated in table,Liu training dataset,,5-fold cross-validation,AUC,0.965,fraction,,first-layer enhancer versus non-enhancer classifier,"Table 4, first-layer DNABERT2-Enhancer row, AUC column",https://pmc.ncbi.nlm.nih.gov/articles/PMC11981215/,author_reported,2026-09-15T23:33:26Z
b2-barcodebert-2026,barcodebert-2026,dna-genomes,unseen-species genus classification,BarcodeBERT (4–4-4),4–4–4,DNA barcodes of unseen species,,1-NN probe,accuracy,78.5,percent,,genus-level nearest-neighbor probe on species unseen in training,"Table 1, BarcodeBERT (4–4-4) row, unseen-species genus-level 1-NN Acc (%) column",https://pmc.ncbi.nlm.nih.gov/articles/PMC13008329/,author_reported,2026-09-15T23:33:26Z
b2-genomic-tokenizer-selection-2025,genomic-tokenizer-selection-2025,dna-genomes,regulatory sequence classification,Caduceus (character tokens),3.9M parameter variant,genomic benchmark categories,,paper benchmark summary,MCC,0.778,unitless,,task-category MCC across benchmark datasets,"Table 2, Regulatory row, Caduceus (char) MCC column",https://pmc.ncbi.nlm.nih.gov/articles/PMC12453675/,independent_paper,2026-09-15T23:33:26Z
b2-eden-genomic-classification-2026,eden-genomic-classification-2026,dna-genomes,human core-promoter classification,DNABERT-2,not stated in table,GUE H-CPD,,paper evaluation,MCC,70.52,percent,,DNABERT-2 comparator in consolidated H-CPD table; rerun provenance not explicit,"Table 5, DNABERT-2 row, H-CPD (MCC) column",https://pmc.ncbi.nlm.nih.gov/articles/PMC12879454/,paper_compilation,2026-09-15T23:33:26Z
b2-cobra-rna-binding-2026,cobra-rna-binding-2026,rna-transcriptomes,RNA compound-binding site prediction,ERNIE-RNA + CoBRA,not stated in table,CoBRA compound-binding test set,,test set,MCC,0.657,unitless,,ERNIE-RNA embedding with TCL focal loss,"Table 2, ERNIE-RNA / TCL focal row, MCC column",https://pmc.ncbi.nlm.nih.gov/articles/PMC12790621/,author_reported,2026-09-15T23:33:26Z
b2-ernie-rna-2025,ernie-rna-2025,rna-transcriptomes,RNA secondary-structure prediction,ERNIE-RNA,86M,bpRNA-new,,cross-family test,binary F1,0.575,fraction,,zero-shot attention-derived base-pair prediction,"Table 2, ERNIE-RNA zero-shot row, bpRNA-new F1-Score (binary) column",https://pmc.ncbi.nlm.nih.gov/articles/PMC12627772/,author_reported,2026-09-15T23:33:26Z
b2-codonbert-vaccines-2024,codonbert-vaccines-2024,rna-transcriptomes,flu-vaccine mRNA property prediction,CodonBERT,not stated in table,flu-vaccine sequences,,paper evaluation,Spearman rho,0.81,unitless,,codon-based model fine-tuned for downstream regression,"Table 2, CodonBERT row, Flu vaccines Spearman correlation column",https://pmc.ncbi.nlm.nih.gov/articles/PMC11368176/,author_reported,2026-09-15T23:33:26Z
b2-mrna-lm-2025,mrna-lm-2025,rna-transcriptomes,mRNA half-life prediction,mRNA-LM,not stated in table,mRNA half-life,,test set across CV splits,Spearman rho,0.696,unitless,,average test performance across cross-validation splits,"Table 1, mRNA-LM row, mRNA half-life Spearman column",https://pmc.ncbi.nlm.nih.gov/articles/PMC11962594/,author_reported,2026-09-15T23:33:26Z
b2-rnaret-2026,rnaret-2026,rna-transcriptomes,miRNA-mRNA interaction prediction,RNAret,5-mer,MirTarRAW,,held-out test,F1,0.9622,fraction,,5-mer RNAret classifier; 72/8/20 train/validation/test split,"Table 1, MirTarRAW / 5-mer RNAret row, F1 column",https://pmc.ncbi.nlm.nih.gov/articles/PMC13111708/,author_reported,2026-09-15T23:33:26Z
b2-rlsite-rna-binding-2025,rlsite-rna-binding-2025,rna-transcriptomes,RNA-small-molecule binding-site prediction,RLsite,not stated in table,T18,,paper evaluation,AUC,0.828,fraction,,RNA language-model plus graph-attention classifier,"Table 1, RLsite row, T18 AUC column",https://pmc.ncbi.nlm.nih.gov/articles/PMC12417085/,author_reported,2026-09-15T23:33:26Z
b2-birna-bert-2025,birna-bert-2025,rna-transcriptomes,extremely long RNA species classification,BiRNA-BERT,not stated in table,extremely long-sequence species classification,,paper evaluation,F1,0.804,fraction,,adaptive tokenization on full-length long RNA sequences,"Table 2, BiRNA-BERT row, F1 Score column",https://pmc.ncbi.nlm.nih.gov/articles/PMC12635123/,author_reported,2026-09-15T23:33:26Z
b2-mrnabert-2025,mrnabert-2025,rna-transcriptomes,translation-efficiency prediction,mRNABERT,3066-nt input,human ultra-long mRNAs,,paper evaluation,R-squared,0.669,unitless,,human translation-efficiency regression at 3066-nt input,"Table 2, mRNABERT (3066) row, Human R-squared column",https://pmc.ncbi.nlm.nih.gov/articles/PMC12644827/,author_reported,2026-09-15T23:33:26Z
b2-2ome-lm-2025,2ome-lm-2025,rna-transcriptomes,human RNA 2-prime-O-methylation site prediction,2OMe-LM,not stated in table,human RNA 2OMe sites,,5-fold cross-validation,AUC,0.919,fraction,,pretrained RNA language model predictor,"Table 1, 2OMe-LM row, AUC column",https://pmc.ncbi.nlm.nih.gov/articles/PMC12342186/,author_reported,2026-09-15T23:33:26Z
b2-cathe2-2025,cathe2-2025,proteins-complexes,CATH superfamily annotation,CATHe2 + ProstT5,full ProstT5,CATH superfamily benchmark,,paper evaluation,F1,82.3,percent,± 1.3 percentage points,amino-acid and structural alphabet embedding classifier,"Table 3, ProstT5 full row, F1 score column",https://pmc.ncbi.nlm.nih.gov/articles/PMC12631783/,author_reported,2026-09-15T23:33:26Z
b2-clathrin-plm-2025,clathrin-plm-2025,proteins-complexes,clathrin protein classification,ESM-2 embedding + paper classifier,not stated in table,CLA-IND0.6,,independent test,accuracy,0.916,fraction,,single-feature ESM-2 embedding comparison,"Table 2, Independent test / ESM-2 row, ACC column",https://pmc.ncbi.nlm.nih.gov/articles/PMC12238356/,independent_paper,2026-09-15T23:33:26Z
b2-gsmformer-ppi-2026,gsmformer-ppi-2026,proteins-complexes,protein-protein interaction prediction,GSMFormer-PPI + ProstT5,not stated in table,paper PPI test set,,test set,AUROC,0.988,fraction,,ProstT5 embeddings as graph node features,"Table 6, ProstT5 embedding row, AUROC column",https://pmc.ncbi.nlm.nih.gov/articles/PMC12873117/,author_reported,2026-09-15T23:33:26Z
b2-antibody-deamidation-plm-2024,antibody-deamidation-plm-2024,proteins-complexes,antibody deamidation-site prediction,ESM-2 650M embeddings + classifier,esm2_t33_650m_UR50D,antibody peptide-mapping training dataset,,fivefold stratified CV,accuracy,0.944,fraction,± 0.012,global contextual embeddings only,"Table 1, Global embeddings only row, Accuracy column",https://pmc.ncbi.nlm.nih.gov/articles/PMC11417914/,author_reported,2026-09-15T23:33:26Z
b2-spin-protein-function-2026,spin-protein-function-2026,proteins-complexes,protein function annotation,SPIN + ESM2-35M,ESM2-35M frozen,TRX,,test set,F1 macro-weighted,0.796,fraction,,frozen ESM2-35M backbone in SPIN,"Table 1, ESM2-35M Test row, F1_m-w column",https://pmc.ncbi.nlm.nih.gov/articles/PMC12970593/,author_reported,2026-09-15T23:33:26Z
b2-mulan-2025,mulan-2025,proteins-complexes,human protein-protein interaction prediction,MULAN-ESM2 S,small ESM2 backbone,HumanPPI,,paper evaluation,AUC,0.717,fraction,,MULAN sequence-structure model based on ESM2 8M,"Table 2, MULAN-ESM2 S row, HumanPPI AUC column",https://pmc.ncbi.nlm.nih.gov/articles/PMC12452268/,author_reported,2026-09-15T23:33:26Z
b2-megsite-2025,megsite-2025,proteins-complexes,DNA-binding residue prediction,MegSite + ESM3,not stated in table,DNA-129_Test,,independent test,AUC,0.948,fraction,,ESM3 multimodal embedding ablation in MegSite,"Table 2, DNA-129_Test / ESM3 row, AUC column",https://pmc.ncbi.nlm.nih.gov/articles/PMC12496013/,author_reported,2026-09-15T23:33:26Z
b2-esm2-ofs-fitness-2025,esm2-ofs-fitness-2025,proteins-complexes,protein variant fitness prediction,ESM2 OFS pseudo-perplexity,not stated in table,ProteinGym substitutions,,aggregate across assays,Spearman rho,0.403,unitless,,authors’ zero-shot ESM2 OFS pseudo-perplexity evaluation; aggregate mean across ProteinGym substitution assays,"Table I, ESM2: OFS PP row, Aggregate Mean Spearman correlation column",https://journals.aps.org/prxlife/pdf/10.1103/zhx7-hcmm,author_reported,2026-09-15T23:33:26Z
b2-structure-informed-plm-2025,structure-informed-plm-2025,proteins-complexes,protein variant-effect classification,structure-informed pLM,not stated in table,variant-effects benchmark,,paper evaluation,AUROC,0.803,fraction,,"combined amino-acid, secondary structure, solvent accessibility and contact-map scoring","Table 4, AA+SS+RSA+CM row, AUROC column",https://pmc.ncbi.nlm.nih.gov/articles/PMC12068927/,author_reported,2026-09-15T23:33:26Z
