ID-model,Coverage,F1-max,Threshold,Coverage Avg(B),F1-max Avg(B),F1-max Std(B),Threshold Avg(B)
BB7U,0.93,0.416,0.48,0.93,0.420,0.015,0.45
BN7U,0.93,0.327,0.38,0.93,0.327,0.011,0.37
M001,0.32,0.185,0.01,0.32,0.185,0.014,0.02
M002,0.98,0.517,0.71,0.98,0.518,0.014,0.75
M003,0.98,0.518,0.73,0.98,0.521,0.014,0.76
M004,0.98,0.517,0.71,0.98,0.518,0.014,0.75
M005,0.99,0.512,0.84,0.99,0.513,0.015,0.85
M006,0.98,0.494,1.00,0.98,0.494,0.015,1.00
M007,0.98,0.494,1.00,0.98,0.493,0.015,1.00
M008,0.98,0.494,1.00,0.98,0.494,0.015,1.00
M009,0.99,0.493,1.00,0.99,0.493,0.015,1.00
M010,0.70,0.478,0.11,0.70,0.478,0.015,0.12
M011,0.70,0.477,0.11,0.70,0.477,0.015,0.11
M012,0.01,0.010,0.49,0.01,0.010,0.005,0.62
M013,0.32,0.157,0.49,0.32,0.157,0.012,0.49
M014,0.64,0.369,0.04,0.64,0.371,0.016,0.04
M015,0.32,0.200,0.03,0.32,0.202,0.015,0.03
M016,0.00,0.002,0.00,0.00,0.002,0.000,0.00
M017,0.00,0.002,0.00,0.00,0.002,0.000,0.00
M018,0.31,0.101,0.55,0.31,0.101,0.009,0.55
M019,1.00,0.053,0.57,1.00,0.054,0.005,0.55
M020,1.00,0.075,0.57,1.00,0.075,0.006,0.57
M021,1.00,0.038,0.34,1.00,0.038,0.004,0.34
M022,0.00,0.002,0.00,0.00,0.002,0.000,0.00
M023,0.53,0.076,0.40,0.53,0.077,0.006,0.50
M024,0.53,0.098,0.52,0.53,0.100,0.007,0.51
M025,0.81,0.193,0.31,0.81,0.193,0.011,0.31
M026,0.78,0.247,0.30,0.78,0.247,0.013,0.30
M027,1.00,0.131,0.48,1.00,0.132,0.007,0.49
M028,0.00,0.002,0.00,0.00,0.002,0.000,0.00
M029,0.47,0.084,0.69,0.47,0.085,0.007,0.62
M030,0.47,0.106,0.40,0.47,0.107,0.008,0.41
M031,0.75,0.470,0.87,0.75,0.471,0.015,0.89
M032,0.75,0.470,0.87,0.75,0.471,0.015,0.89
M033,0.92,0.464,0.34,0.92,0.466,0.013,0.31
M034,0.92,0.440,0.29,0.92,0.442,0.012,0.30
M035,0.92,0.288,0.44,0.92,0.290,0.008,0.45
M036,0.29,0.103,1.00,0.29,0.102,0.011,0.98
M037,1.00,0.212,0.44,1.00,0.214,0.011,0.45
M038,1.00,0.218,0.42,1.00,0.219,0.012,0.41
M039,1.00,0.218,0.42,1.00,0.219,0.012,0.41
M040,0.32,0.141,0.95,0.32,0.142,0.011,0.95
M041,1.00,0.488,0.79,1.00,0.491,0.013,0.77
M042,0.02,0.010,0.06,0.02,0.010,0.004,0.06
M043,0.88,0.467,0.53,0.88,0.469,0.014,0.61
M044,0.87,0.463,0.51,0.87,0.465,0.014,0.58
M045,0.89,0.457,0.72,0.89,0.461,0.014,0.66
M046,0.15,0.102,1.00,0.15,0.102,0.015,1.00
M047,0.78,0.468,1.00,0.78,0.468,0.015,1.00
M048,0.63,0.427,0.49,0.63,0.427,0.015,0.50
M049,0.08,0.043,0.30,0.08,0.043,0.010,0.30
M050,0.02,0.024,0.78,0.02,0.024,0.009,0.78
M051,0.98,0.506,0.43,0.98,0.509,0.014,0.48
M052,0.19,0.134,0.37,0.18,0.134,0.012,0.39
M053,0.19,0.137,0.39,0.18,0.138,0.013,0.45
M054,0.19,0.136,0.46,0.19,0.137,0.013,0.44
M055,0.30,0.150,0.48,0.30,0.152,0.012,0.47
M056,0.00,0.002,0.00,0.00,0.002,0.000,0.00
M057,0.00,0.002,0.00,0.00,0.002,0.000,0.00
M058,0.88,0.511,0.39,0.88,0.511,0.015,0.39
M059,0.87,0.511,0.39,0.87,0.511,0.015,0.39
M060,0.03,0.016,0.26,0.03,0.016,0.005,0.26
M061,1.00,0.522,0.45,1.00,0.524,0.014,0.43
M062,1.00,0.517,0.45,1.00,0.518,0.014,0.45
M063,0.86,0.508,0.68,0.86,0.508,0.016,0.67
M064,1.00,0.476,0.83,1.00,0.477,0.014,0.80
M065,1.00,0.452,0.88,1.00,0.454,0.013,0.88
M066,1.00,0.309,0.70,1.00,0.309,0.011,0.69
M067,0.93,0.452,0.74,0.93,0.455,0.015,0.74
M068,1.00,0.489,0.87,1.00,0.490,0.014,0.89
M069,0.98,0.476,0.61,0.98,0.477,0.014,0.60
M070,0.77,0.179,0.38,0.77,0.180,0.011,0.38
M071,1.00,0.502,0.94,1.00,0.504,0.013,0.83
M072,1.00,0.477,0.36,1.00,0.478,0.014,0.36
M073,1.00,0.516,0.24,1.00,0.519,0.013,0.52
M074,1.00,0.519,0.24,1.00,0.520,0.013,0.32
M075,0.92,0.482,0.39,0.92,0.484,0.014,0.38
M076,0.96,0.397,0.33,0.96,0.399,0.013,0.40
M077,1.00,0.516,0.42,1.00,0.518,0.014,0.40
M078,1.00,0.526,0.34,1.00,0.528,0.013,0.34
M079,0.78,0.316,0.26,0.78,0.318,0.011,0.28
M080,1.00,0.451,0.85,1.00,0.453,0.013,0.86
M081,1.00,0.228,1.00,1.00,0.228,0.010,1.00
M082,1.00,0.456,0.59,1.00,0.459,0.016,0.47
M083,1.00,0.449,0.36,1.00,0.451,0.015,0.37
M084,1.00,0.445,0.61,1.00,0.446,0.016,0.58
M085,0.99,0.254,0.42,0.99,0.254,0.013,0.43
M086,0.99,0.248,0.42,0.99,0.249,0.013,0.44
M087,0.99,0.340,0.21,0.99,0.341,0.012,0.21
M088,0.60,0.467,0.17,0.60,0.467,0.016,0.16
M089,0.60,0.467,0.17,0.60,0.467,0.016,0.16
M090,0.67,0.487,0.17,0.67,0.487,0.016,0.16
M091,0.84,0.533,0.15,0.84,0.534,0.015,0.16
M092,0.85,0.539,0.12,0.85,0.541,0.015,0.18
M093,0.84,0.535,0.14,0.84,0.536,0.015,0.16
M094,0.66,0.481,0.17,0.66,0.482,0.016,0.16
M095,0.80,0.491,0.05,0.80,0.492,0.015,0.06
M096,0.78,0.505,0.12,0.78,0.508,0.015,0.14
M097,0.80,0.487,0.50,0.80,0.487,0.015,0.58
M098,0.81,0.490,1.00,0.81,0.490,0.015,1.00
M099,0.63,0.446,0.09,0.63,0.448,0.016,0.12
M100,0.29,0.200,0.89,0.29,0.203,0.014,0.90
M101,0.29,0.152,0.95,0.29,0.153,0.012,0.95
M102,0.29,0.196,0.73,0.29,0.199,0.014,0.67
M103,1.00,0.053,0.57,1.00,0.054,0.005,0.55
M104,1.00,0.418,0.94,1.00,0.420,0.013,0.94
M105,0.94,0.430,1.00,0.94,0.431,0.014,1.00
M106,0.93,0.450,0.97,0.93,0.450,0.014,0.97
M107,1.00,0.306,0.33,1.00,0.306,0.009,0.33
M108,1.00,0.428,0.23,1.00,0.429,0.011,0.25
M109,1.00,0.301,0.48,1.00,0.302,0.011,0.47
M110,1.00,0.352,1.00,1.00,0.352,0.015,1.00
M111,1.00,0.414,0.72,1.00,0.418,0.014,0.81
M112,0.00,0.002,0.00,0.00,0.002,0.000,0.00
M113,0.87,0.487,0.50,0.87,0.487,0.014,0.55
M114,0.88,0.492,1.00,0.88,0.492,0.014,1.00
M115,0.34,0.265,1.00,0.34,0.264,0.020,1.00
M116,0.15,0.109,0.14,0.15,0.109,0.013,0.17
M117,0.80,0.469,0.15,0.80,0.472,0.014,0.16
M118,0.91,0.499,0.14,0.91,0.500,0.014,0.14
M119,0.86,0.506,1.00,0.86,0.505,0.014,1.00
M120,0.93,0.523,1.00,0.93,0.523,0.013,1.00
M121,0.93,0.523,1.00,0.93,0.523,0.013,1.00
M122,0.72,0.440,1.00,0.72,0.440,0.015,1.00
M123,0.07,0.083,0.83,0.07,0.083,0.012,0.82
M124,0.29,0.152,0.95,0.29,0.153,0.012,0.95
M125,0.94,0.493,0.12,0.94,0.494,0.014,0.12
M126,0.99,0.518,0.81,0.99,0.518,0.014,0.81
M127,0.99,0.512,0.68,0.99,0.513,0.013,0.69
M128,0.00,0.002,0.00,0.00,0.002,0.000,0.00
M129,0.00,0.002,0.00,0.00,0.002,0.000,0.00
M130,0.00,0.002,0.00,0.00,0.002,0.000,0.00
M131,0.92,0.529,0.36,0.92,0.530,0.014,0.36
M132,0.79,0.516,0.01,0.79,0.516,0.015,0.01
M133,0.73,0.451,0.50,0.73,0.451,0.016,0.50
M134,0.50,0.390,0.01,0.50,0.389,0.019,0.01
M135,0.70,0.188,1.00,0.70,0.188,0.010,1.00
M136,0.71,0.155,1.00,0.71,0.154,0.010,1.00
M137,0.72,0.409,0.02,0.72,0.409,0.015,0.02
M138,1.00,0.493,0.55,1.00,0.495,0.015,0.54
M139,0.99,0.485,0.48,0.99,0.487,0.016,0.44
M140,0.60,0.328,0.08,0.60,0.328,0.013,0.12
M141,1.00,0.618,0.79,1.00,0.620,0.012,0.80
M142,1.00,0.612,0.24,1.00,0.613,0.011,0.24
M143,1.00,0.611,0.81,1.00,0.612,0.013,0.81
M144,0.98,0.608,0.34,0.98,0.610,0.013,0.35
